,0
0,Jorg
1,Bob
2,Jorg
3,Bob
4,Bob
5,Bob
6,Bob
7,Bob
8,Bob
9,Bob
10,Bob
11,Jorg
12,Bob
13,Bob
14,Bob
15,Jorg
16,Jorg
17,Bob
18,Bob
19,Bob
20,Bob
21,Bob
22,Bob
23,Bob
24,Jorg
25,Bob
26,Jorg
27,Bob
28,Jorg
29,Bob
30,Bob
31,Bob
32,Bob
33,Jorg
34,Jorg
35,Bob
36,Bob
37,Jorg
38,Bob
39,Bob
40,Jorg
41,Bob
42,Jorg
43,Bob
44,Bob
45,Jorg
46,Jorg
47,Jorg
48,Bob
49,Bob
50,Bob
51,Bob
52,Bob
53,Bob
54,Bob
55,Bob
56,Bob
57,Bob
58,Bob
59,Bob
60,Bob
61,Jorg
62,Bob
63,Bob
64,Jorg
65,Jorg
66,Bob
67,Bob
68,Jorg
69,Bob
70,Jorg
71,Bob
72,Bob
73,Bob
74,Bob
75,Bob
76,Jorg
77,Bob
78,Jorg
79,Bob
80,Jorg
81,Bob
82,Bob
83,Bob
84,Bob
85,Bob
86,Jorg
87,Bob
88,Jorg
89,Bob
90,Jorg
91,Bob
92,Bob
93,Jorg
94,Bob
95,Jorg
96,Jorg
97,Bob
98,Bob
99,Jorg
100,Bob
101,Jorg
102,Bob
103,Bob
104,Bob
105,Bob
106,Bob
107,Bob
108,Bob
109,Bob
110,Bob
111,Jorg
112,Bob
113,Bob
114,Bob
115,Bob
116,Bob
117,Bob
118,Jorg
119,Bob
120,Bob
121,Bob
122,Bob
123,Bob
124,Bob
125,Bob
126,Bob
127,Bob
128,Bob
129,Jorg
130,Bob
131,Bob
132,Bob
133,Bob
134,Bob
135,Bob
136,Bob
137,Jorg
138,Bob
139,Bob
140,Bob
141,Bob
142,Jorg
143,Bob
144,Jorg
145,Bob
146,Bob
147,Bob
148,Bob
149,Bob
150,Bob
151,Jorg
152,Jorg
153,Jorg
154,Atsuto
155,Bob
156,Jorg
157,Jorg
158,Jorg
159,Bob
160,Bob
161,Bob
162,Jorg
163,Bob
164,Bob
165,Bob
166,Bob
167,Bob
168,Bob
169,Bob
170,Bob
171,Jorg
172,Bob
173,Bob
174,Bob
175,Bob
176,Bob
177,Bob
178,Bob
179,Bob
180,Bob
181,Bob
182,Bob
183,Bob
184,Bob
185,Jorg
186,Bob
187,Bob
188,Jorg
189,Jorg
190,Jorg
191,Bob
192,Jorg
193,Jorg
194,Bob
195,Bob
196,Bob
197,Bob
198,Bob
199,Jorg
200,Jorg
201,Bob
202,Bob
203,Bob
204,Bob
205,Bob
206,Bob
207,Jorg
208,Bob
209,Bob
210,Bob
211,Jorg
212,Bob
213,Jorg
214,Bob
215,Bob
216,Bob
217,Jorg
218,Bob
219,Bob
220,Bob
221,Bob
222,Bob
223,Bob
224,Bob
225,Bob
226,Jorg
227,Bob
228,Bob
229,Bob
230,Bob
231,Bob
232,Bob
233,Bob
234,Bob
235,Bob
236,Jorg
237,Bob
238,Bob
239,Jorg
240,Jorg
241,Bob
242,Bob
243,Bob
244,Jorg
245,Jorg
246,Jorg
247,Bob
248,Jorg
249,Bob
250,Bob
251,Bob
252,Bob
253,Bob
254,Bob
255,Bob
256,Jorg
257,Bob
258,Bob
259,Jorg
260,Bob
261,Bob
262,Jorg
263,Bob
264,Bob
265,Jorg
266,Jorg
267,Bob
268,Jorg
269,Jorg
270,Bob
271,Bob
272,Bob
273,Jorg
274,Jorg
275,Jorg
276,Bob
277,Bob
278,Bob
279,Bob
280,Jorg
281,Bob
282,Jorg
283,Jorg
284,Atsuto
285,Bob
286,Bob
287,Bob
288,Bob
289,Bob
290,Bob
291,Bob
292,Jorg
293,Jorg
294,Bob
295,Bob
296,Jorg
297,Bob
298,Bob
299,Bob
300,Bob
301,Bob
302,Bob
303,Bob
304,Bob
305,Bob
306,Bob
307,Bob
308,Bob
309,Bob
310,Jorg
311,Bob
312,Bob
313,Bob
314,Bob
315,Jorg
316,Bob
317,Jorg
318,Bob
319,Jorg
320,Bob
321,Bob
322,Bob
323,Bob
324,Bob
325,Jorg
326,Bob
327,Bob
328,Jorg
329,Bob
330,Bob
331,Bob
332,Bob
333,Bob
334,Jorg
335,Bob
336,Bob
337,Jorg
338,Bob
339,Bob
340,Jorg
341,Bob
342,Bob
343,Jorg
344,Bob
345,Atsuto
346,Bob
347,Bob
348,Bob
349,Bob
350,Bob
351,Bob
352,Bob
353,Bob
354,Jorg
355,Bob
356,Jorg
357,Jorg
358,Bob
359,Bob
360,Bob
361,Bob
362,Bob
363,Bob
364,Bob
365,Bob
366,Bob
367,Bob
368,Jorg
369,Bob
370,Jorg
371,Bob
372,Bob
373,Bob
374,Bob
375,Jorg
376,Bob
377,Jorg
378,Bob
379,Bob
380,Bob
381,Jorg
382,Bob
383,Bob
384,Bob
385,Bob
386,Jorg
387,Bob
388,Bob
389,Bob
390,Jorg
391,Bob
392,Bob
393,Bob
394,Bob
395,Bob
396,Jorg
397,Jorg
398,Bob
399,Bob
400,Bob
401,Bob
402,Bob
403,Bob
404,Bob
405,Jorg
406,Jorg
407,Bob
408,Bob
409,Bob
410,Bob
411,Bob
412,Bob
413,Jorg
414,Bob
415,Bob
416,Jorg
417,Bob
418,Bob
419,Bob
420,Bob
421,Bob
422,Jorg
423,Bob
424,Jorg
425,Bob
426,Bob
427,Jorg
428,Jorg
429,Bob
430,Bob
431,Jorg
432,Bob
433,Bob
434,Bob
435,Bob
436,Bob
437,Bob
438,Jorg
439,Bob
440,Bob
441,Jorg
442,Bob
443,Jorg
444,Bob
445,Bob
446,Bob
447,Jorg
448,Bob
449,Jorg
450,Bob
451,Bob
452,Jorg
453,Jorg
454,Jorg
455,Bob
456,Bob
457,Jorg
458,Bob
459,Jorg
460,Jorg
461,Bob
462,Jorg
463,Jorg
464,Bob
465,Bob
466,Bob
467,Bob
468,Bob
469,Bob
470,Jorg
471,Bob
472,Jorg
473,Bob
474,Bob
475,Bob
476,Jorg
477,Jorg
478,Jorg
479,Bob
480,Bob
481,Jorg
482,Bob
483,Jorg
484,Jorg
485,Bob
486,Jorg
487,Bob
488,Bob
489,Bob
490,Bob
491,Bob
492,Bob
493,Jorg
494,Bob
495,Jorg
496,Bob
497,Jorg
498,Jorg
499,Bob
500,Bob
501,Bob
502,Bob
503,Bob
504,Bob
505,Bob
506,Bob
507,Jorg
508,Bob
509,Jorg
510,Bob
511,Bob
512,Bob
513,Bob
514,Bob
515,Jorg
516,Bob
517,Bob
518,Bob
519,Bob
520,Atsuto
521,Jorg
522,Bob
523,Bob
524,Jorg
525,Bob
526,Bob
527,Jorg
528,Bob
529,Bob
530,Bob
531,Bob
532,Bob
533,Bob
534,Bob
535,Bob
536,Jorg
537,Bob
538,Jorg
539,Bob
540,Bob
541,Jorg
542,Bob
543,Bob
544,Bob
545,Bob
546,Jorg
547,Jorg
548,Bob
549,Bob
550,Bob
551,Jorg
552,Bob
553,Bob
554,Bob
555,Bob
556,Jorg
557,Bob
558,Bob
559,Jorg
560,Bob
561,Bob
562,Bob
563,Jorg
564,Jorg
565,Bob
566,Bob
567,Bob
568,Bob
569,Jorg
570,Bob
571,Bob
572,Bob
573,Jorg
574,Bob
575,Jorg
576,Bob
577,Atsuto
578,Jorg
579,Bob
580,Bob
581,Jorg
582,Bob
583,Bob
584,Bob
585,Bob
586,Bob
587,Bob
588,Bob
589,Bob
590,Bob
591,Bob
592,Bob
593,Bob
594,Bob
595,Bob
596,Bob
597,Bob
598,Bob
599,Jorg
600,Bob
601,Jorg
602,Jorg
603,Bob
604,Jorg
605,Jorg
606,Bob
607,Bob
608,Jorg
609,Bob
610,Bob
611,Bob
612,Bob
613,Bob
614,Bob
615,Bob
616,Bob
617,Bob
618,Bob
619,Bob
620,Jorg
621,Bob
622,Bob
623,Bob
624,Bob
625,Jorg
626,Bob
627,Bob
628,Bob
629,Bob
630,Jorg
631,Bob
632,Bob
633,Bob
634,Bob
635,Bob
636,Bob
637,Jorg
638,Bob
639,Bob
640,Bob
641,Bob
642,Jorg
643,Jorg
644,Jorg
645,Bob
646,Bob
647,Bob
648,Bob
649,Bob
650,Bob
651,Jorg
652,Jorg
653,Bob
654,Jorg
655,Bob
656,Bob
657,Bob
658,Jorg
659,Jorg
660,Bob
661,Bob
662,Bob
663,Bob
664,Bob
665,Bob
666,Bob
667,Jorg
668,Jorg
669,Jorg
670,Bob
671,Bob
672,Bob
673,Bob
674,Bob
675,Atsuto
676,Jorg
677,Bob
678,Jorg
679,Bob
680,Bob
681,Bob
682,Bob
683,Bob
684,Bob
685,Jorg
686,Bob
687,Bob
688,Jorg
689,Bob
690,Bob
691,Bob
692,Bob
693,Bob
694,Bob
695,Bob
696,Jorg
697,Bob
698,Jorg
699,Bob
700,Bob
701,Jorg
702,Bob
703,Bob
704,Bob
705,Bob
706,Bob
707,Jorg
708,Bob
709,Bob
710,Bob
711,Bob
712,Bob
713,Bob
714,Bob
715,Bob
716,Bob
717,Bob
718,Bob
719,Bob
720,Bob
721,Bob
722,Jorg
723,Bob
724,Bob
725,Bob
726,Bob
727,Bob
728,Bob
729,Bob
730,Bob
731,Jorg
732,Bob
733,Bob
734,Bob
735,Bob
736,Bob
737,Jorg
738,Jorg
739,Bob
740,Bob
741,Bob
742,Jorg
743,Bob
744,Bob
745,Jorg
746,Jorg
747,Jorg
748,Jorg
749,Bob
750,Jorg
751,Bob
752,Jorg
753,Bob
754,Bob
755,Bob
756,Bob
757,Jorg
758,Bob
759,Bob
760,Bob
761,Bob
762,Jorg
763,Jorg
764,Bob
765,Bob
766,Bob
767,Jorg
768,Jorg
769,Bob
770,Bob
771,Bob
772,Bob
773,Jorg
774,Bob
775,Bob
776,Bob
777,Bob
778,Jorg
779,Bob
780,Bob
781,Bob
782,Bob
783,Jorg
784,Jorg
785,Bob
786,Bob
787,Bob
788,Bob
789,Bob
790,Bob
791,Bob
792,Bob
793,Jorg
794,Bob
795,Bob
796,Bob
797,Bob
798,Bob
799,Jorg
800,Jorg
801,Jorg
802,Bob
803,Bob
804,Bob
805,Bob
806,Bob
807,Jorg
808,Bob
809,Bob
810,Bob
811,Bob
812,Bob
813,Bob
814,Bob
815,Bob
816,Bob
817,Bob
818,Bob
819,Bob
820,Jorg
821,Jorg
822,Jorg
823,Bob
824,Bob
825,Bob
826,Jorg
827,Bob
828,Jorg
829,Bob
830,Bob
831,Bob
832,Jorg
833,Bob
834,Bob
835,Bob
836,Jorg
837,Jorg
838,Bob
839,Bob
840,Bob
841,Jorg
842,Jorg
843,Bob
844,Bob
845,Jorg
846,Bob
847,Bob
848,Bob
849,Bob
850,Bob
851,Bob
852,Bob
853,Bob
854,Bob
855,Jorg
856,Bob
857,Jorg
858,Bob
859,Bob
860,Bob
861,Bob
862,Bob
863,Bob
864,Jorg
865,Bob
866,Bob
867,Bob
868,Bob
869,Jorg
870,Bob
871,Bob
872,Bob
873,Bob
874,Jorg
875,Bob
876,Bob
877,Bob
878,Bob
879,Jorg
880,Jorg
881,Jorg
882,Jorg
883,Bob
884,Bob
885,Bob
886,Bob
887,Bob
888,Bob
889,Jorg
890,Jorg
891,Jorg
892,Bob
893,Bob
894,Jorg
895,Bob
896,Bob
897,Bob
898,Jorg
899,Bob
900,Bob
901,Bob
902,Bob
903,Jorg
904,Bob
905,Bob
906,Bob
907,Bob
908,Bob
909,Bob
910,Bob
911,Bob
912,Bob
913,Bob
914,Bob
915,Jorg
916,Bob
917,Bob
918,Bob
919,Jorg
920,Bob
921,Bob
922,Bob
923,Bob
924,Jorg
925,Bob
926,Jorg
927,Bob
928,Bob
929,Jorg
930,Bob
931,Bob
932,Jorg
933,Bob
934,Bob
935,Jorg
936,Bob
937,Jorg
938,Bob
939,Bob
940,Jorg
941,Bob
942,Bob
943,Bob
944,Jorg
945,Bob
946,Bob
947,Bob
948,Bob
949,Jorg
950,Bob
951,Bob
952,Bob
953,Bob
954,Jorg
955,Jorg
956,Bob
957,Bob
958,Bob
959,Bob
960,Jorg
961,Bob
962,Bob
963,Bob
964,Bob
965,Jorg
966,Bob
967,Bob
968,Bob
969,Bob
970,Bob
971,Jorg
972,Jorg
973,Jorg
974,Bob
975,Jorg
976,Bob
977,Bob
978,Bob
979,Bob
980,Bob
981,Bob
982,Bob
983,Jorg
984,Bob
985,Bob
986,Jorg
987,Bob
988,Bob
989,Jorg
990,Jorg
991,Bob
992,Jorg
993,Jorg
994,Bob
995,Jorg
996,Jorg
997,Jorg
998,Bob
999,Bob
1000,Bob
1001,Jorg
1002,Bob
1003,Bob
1004,Bob
1005,Jorg
1006,Bob
1007,Bob
1008,Jorg
1009,Bob
1010,Bob
1011,Jorg
1012,Bob
1013,Jorg
1014,Jorg
1015,Bob
1016,Bob
1017,Bob
1018,Jorg
1019,Jorg
1020,Jorg
1021,Bob
1022,Jorg
1023,Jorg
1024,Jorg
1025,Bob
1026,Jorg
1027,Bob
1028,Jorg
1029,Bob
1030,Bob
1031,Bob
1032,Bob
1033,Bob
1034,Bob
1035,Bob
1036,Bob
1037,Jorg
1038,Jorg
1039,Jorg
1040,Bob
1041,Bob
1042,Jorg
1043,Bob
1044,Bob
1045,Jorg
1046,Bob
1047,Bob
1048,Atsuto
1049,Bob
1050,Bob
1051,Bob
1052,Jorg
1053,Bob
1054,Jorg
1055,Bob
1056,Jorg
1057,Bob
1058,Bob
1059,Bob
1060,Bob
1061,Bob
1062,Bob
1063,Bob
1064,Bob
1065,Bob
1066,Bob
1067,Jorg
1068,Bob
1069,Jorg
1070,Bob
1071,Bob
1072,Bob
1073,Bob
1074,Jorg
1075,Bob
1076,Bob
1077,Bob
1078,Bob
1079,Jorg
1080,Bob
1081,Bob
1082,Bob
1083,Bob
1084,Bob
1085,Bob
1086,Bob
1087,Jorg
1088,Bob
1089,Bob
1090,Jorg
1091,Bob
1092,Bob
1093,Bob
1094,Bob
1095,Bob
1096,Bob
1097,Jorg
1098,Jorg
1099,Bob
1100,Bob
1101,Bob
1102,Jorg
1103,Bob
1104,Bob
1105,Jorg
1106,Bob
1107,Jorg
1108,Bob
1109,Jorg
1110,Jorg
1111,Jorg
1112,Bob
1113,Bob
1114,Bob
1115,Bob
1116,Bob
1117,Bob
1118,Jorg
1119,Jorg
1120,Bob
1121,Bob
1122,Bob
1123,Jorg
1124,Bob
1125,Bob
1126,Jorg
1127,Bob
1128,Bob
1129,Jorg
1130,Jorg
1131,Jorg
1132,Bob
1133,Jorg
1134,Jorg
1135,Bob
1136,Jorg
1137,Bob
1138,Bob
1139,Bob
1140,Bob
1141,Bob
1142,Bob
1143,Bob
1144,Bob
1145,Bob
1146,Jorg
1147,Bob
1148,Bob
1149,Bob
1150,Jorg
1151,Bob
1152,Bob
1153,Bob
1154,Bob
1155,Jorg
1156,Bob
1157,Jorg
1158,Bob
1159,Jorg
1160,Bob
1161,Bob
1162,Bob
1163,Bob
1164,Bob
1165,Bob
1166,Bob
1167,Bob
1168,Bob
1169,Bob
1170,Bob
1171,Bob
1172,Jorg
1173,Bob
1174,Bob
1175,Jorg
1176,Jorg
1177,Jorg
1178,Bob
1179,Bob
1180,Jorg
1181,Bob
1182,Jorg
1183,Bob
1184,Jorg
1185,Bob
1186,Jorg
1187,Bob
1188,Atsuto
1189,Bob
1190,Bob
1191,Jorg
1192,Jorg
1193,Bob
1194,Bob
1195,Bob
1196,Bob
1197,Bob
1198,Bob
1199,Bob
1200,Bob
1201,Bob
1202,Bob
1203,Bob
1204,Bob
1205,Jorg
1206,Jorg
1207,Jorg
1208,Bob
1209,Bob
1210,Bob
1211,Bob
1212,Bob
1213,Jorg
1214,Bob
1215,Bob
1216,Bob
1217,Bob
1218,Jorg
1219,Bob
1220,Jorg
1221,Bob
1222,Bob
1223,Bob
1224,Jorg
1225,Bob
1226,Jorg
1227,Bob
1228,Bob
1229,Bob
1230,Jorg
1231,Atsuto
1232,Bob
1233,Jorg
1234,Bob
1235,Bob
1236,Bob
1237,Bob
1238,Jorg
1239,Bob
1240,Bob
1241,Bob
1242,Jorg
1243,Bob
1244,Bob
1245,Bob
1246,Bob
1247,Bob
1248,Bob
1249,Jorg
1250,Jorg
1251,Bob
1252,Bob
1253,Bob
1254,Bob
1255,Bob
1256,Bob
1257,Bob
1258,Bob
1259,Bob
1260,Bob
1261,Bob
1262,Bob
1263,Bob
1264,Bob
1265,Bob
1266,Jorg
1267,Bob
1268,Bob
1269,Bob
1270,Bob
1271,Bob
1272,Bob
1273,Jorg
1274,Bob
1275,Jorg
1276,Bob
1277,Bob
1278,Jorg
1279,Bob
1280,Bob
1281,Bob
1282,Jorg
1283,Bob
1284,Bob
1285,Bob
1286,Bob
1287,Bob
1288,Bob
1289,Bob
1290,Bob
1291,Bob
1292,Bob
1293,Bob
1294,Bob
1295,Jorg
1296,Bob
1297,Bob
1298,Bob
1299,Jorg
1300,Bob
1301,Bob
1302,Bob
1303,Jorg
1304,Bob
1305,Bob
1306,Bob
1307,Jorg
1308,Bob
1309,Bob
1310,Jorg
1311,Jorg
1312,Bob
1313,Bob
1314,Jorg
1315,Bob
1316,Jorg
1317,Bob
1318,Bob
1319,Bob
1320,Bob
1321,Bob
1322,Bob
1323,Bob
1324,Bob
1325,Jorg
1326,Bob
1327,Bob
1328,Bob
1329,Bob
1330,Bob
1331,Bob
1332,Bob
1333,Bob
1334,Bob
1335,Jorg
1336,Bob
1337,Bob
1338,Bob
1339,Bob
1340,Bob
1341,Bob
1342,Bob
1343,Bob
1344,Jorg
1345,Bob
1346,Bob
1347,Bob
1348,Jorg
1349,Jorg
1350,Bob
1351,Bob
1352,Jorg
1353,Bob
1354,Bob
1355,Jorg
1356,Bob
1357,Bob
1358,Bob
1359,Jorg
1360,Bob
1361,Bob
1362,Jorg
1363,Bob
1364,Jorg
1365,Bob
1366,Jorg
1367,Bob
1368,Jorg
1369,Bob
1370,Jorg
1371,Bob
1372,Bob
1373,Jorg
1374,Jorg
1375,Atsuto
1376,Bob
1377,Bob
1378,Bob
1379,Bob
1380,Jorg
1381,Jorg
1382,Jorg
1383,Jorg
1384,Bob
1385,Bob
1386,Bob
1387,Bob
1388,Bob
1389,Bob
1390,Jorg
1391,Bob
1392,Jorg
1393,Jorg
1394,Bob
1395,Bob
1396,Bob
1397,Bob
1398,Bob
1399,Jorg
1400,Jorg
1401,Bob
1402,Jorg
1403,Bob
1404,Bob
1405,Jorg
1406,Jorg
1407,Bob
1408,Jorg
1409,Bob
1410,Jorg
1411,Jorg
1412,Bob
1413,Bob
1414,Jorg
1415,Bob
1416,Bob
1417,Bob
1418,Bob
1419,Bob
1420,Jorg
1421,Jorg
1422,Jorg
1423,Bob
1424,Jorg
1425,Bob
1426,Jorg
1427,Bob
1428,Bob
1429,Bob
1430,Bob
1431,Jorg
1432,Jorg
1433,Bob
1434,Bob
1435,Bob
1436,Bob
1437,Atsuto
1438,Jorg
1439,Bob
1440,Bob
1441,Jorg
1442,Jorg
1443,Bob
1444,Bob
1445,Bob
1446,Jorg
1447,Bob
1448,Bob
1449,Bob
1450,Bob
1451,Bob
1452,Jorg
1453,Bob
1454,Jorg
1455,Bob
1456,Bob
1457,Jorg
1458,Jorg
1459,Jorg
1460,Jorg
1461,Bob
1462,Bob
1463,Bob
1464,Bob
1465,Bob
1466,Bob
1467,Bob
1468,Bob
1469,Bob
1470,Bob
1471,Jorg
1472,Bob
1473,Bob
1474,Jorg
1475,Jorg
1476,Jorg
1477,Bob
1478,Bob
1479,Bob
1480,Bob
1481,Jorg
1482,Bob
1483,Jorg
1484,Bob
1485,Bob
1486,Bob
1487,Bob
1488,Jorg
1489,Bob
1490,Bob
1491,Bob
1492,Bob
1493,Jorg
1494,Bob
1495,Bob
1496,Bob
1497,Bob
1498,Bob
1499,Bob
1500,Jorg
1501,Bob
1502,Jorg
1503,Jorg
1504,Bob
1505,Bob
1506,Jorg
1507,Jorg
1508,Bob
1509,Bob
1510,Jorg
1511,Jorg
1512,Bob
1513,Bob
1514,Bob
1515,Bob
1516,Bob
1517,Bob
1518,Bob
1519,Jorg
1520,Bob
1521,Bob
1522,Bob
1523,Jorg
1524,Bob
1525,Bob
1526,Bob
1527,Jorg
1528,Bob
1529,Bob
1530,Bob
1531,Bob
1532,Bob
1533,Bob
1534,Jorg
1535,Bob
1536,Bob
1537,Jorg
1538,Jorg
1539,Bob
1540,Bob
1541,Bob
1542,Bob
1543,Bob
1544,Jorg
1545,Bob
1546,Bob
1547,Bob
1548,Bob
1549,Bob
1550,Bob
1551,Bob
1552,Bob
1553,Bob
1554,Bob
1555,Bob
1556,Bob
1557,Bob
1558,Jorg
1559,Bob
1560,Jorg
1561,Bob
1562,Jorg
1563,Bob
1564,Bob
1565,Bob
1566,Bob
1567,Jorg
1568,Bob
1569,Bob
1570,Bob
1571,Jorg
1572,Bob
1573,Bob
1574,Jorg
1575,Bob
1576,Bob
1577,Bob
1578,Jorg
1579,Bob
1580,Jorg
1581,Jorg
1582,Bob
1583,Bob
1584,Bob
1585,Bob
1586,Bob
1587,Bob
1588,Jorg
1589,Jorg
1590,Jorg
1591,Bob
1592,Bob
1593,Bob
1594,Bob
1595,Jorg
1596,Bob
1597,Bob
1598,Bob
1599,Jorg
1600,Bob
1601,Jorg
1602,Bob
1603,Bob
1604,Jorg
1605,Bob
1606,Bob
1607,Atsuto
1608,Bob
1609,Bob
1610,Jorg
1611,Bob
1612,Bob
1613,Jorg
1614,Bob
1615,Bob
1616,Bob
1617,Bob
1618,Jorg
1619,Bob
1620,Bob
1621,Bob
1622,Bob
1623,Bob
1624,Bob
1625,Bob
1626,Jorg
1627,Jorg
1628,Bob
1629,Bob
1630,Jorg
1631,Jorg
1632,Bob
1633,Atsuto
1634,Bob
1635,Bob
1636,Bob
1637,Bob
1638,Bob
1639,Bob
1640,Jorg
1641,Bob
1642,Bob
1643,Jorg
1644,Bob
1645,Jorg
1646,Bob
1647,Bob
1648,Bob
1649,Bob
1650,Jorg
1651,Bob
1652,Jorg
1653,Bob
1654,Jorg
1655,Jorg
1656,Bob
1657,Bob
1658,Jorg
1659,Bob
1660,Bob
1661,Bob
1662,Bob
1663,Jorg
1664,Bob
1665,Jorg
1666,Jorg
1667,Jorg
1668,Bob
1669,Jorg
1670,Bob
1671,Bob
1672,Bob
1673,Bob
1674,Bob
1675,Bob
1676,Bob
1677,Bob
1678,Jorg
1679,Bob
1680,Jorg
1681,Bob
1682,Bob
1683,Bob
1684,Bob
1685,Bob
1686,Bob
1687,Bob
1688,Bob
1689,Bob
1690,Bob
1691,Bob
1692,Jorg
1693,Bob
1694,Bob
1695,Jorg
1696,Bob
1697,Bob
1698,Bob
1699,Jorg
1700,Bob
1701,Bob
1702,Bob
1703,Jorg
1704,Bob
1705,Jorg
1706,Bob
1707,Bob
1708,Bob
1709,Bob
1710,Bob
1711,Jorg
1712,Bob
1713,Bob
1714,Bob
1715,Bob
1716,Atsuto
1717,Bob
1718,Bob
1719,Jorg
1720,Bob
1721,Bob
1722,Bob
1723,Bob
1724,Bob
1725,Bob
1726,Jorg
1727,Bob
1728,Bob
1729,Bob
1730,Bob
1731,Bob
1732,Bob
1733,Jorg
1734,Bob
1735,Jorg
1736,Bob
1737,Bob
1738,Bob
1739,Bob
1740,Bob
1741,Bob
1742,Jorg
1743,Bob
1744,Bob
1745,Bob
1746,Bob
1747,Bob
1748,Bob
1749,Jorg
1750,Bob
1751,Bob
1752,Bob
1753,Bob
1754,Bob
1755,Bob
1756,Jorg
1757,Jorg
1758,Bob
1759,Bob
1760,Bob
1761,Jorg
1762,Jorg
1763,Bob
1764,Jorg
1765,Bob
1766,Bob
1767,Jorg
1768,Bob
1769,Bob
1770,Jorg
1771,Bob
1772,Bob
1773,Bob
1774,Bob
1775,Bob
1776,Bob
1777,Bob
1778,Bob
1779,Bob
1780,Bob
1781,Bob
1782,Jorg
1783,Jorg
1784,Bob
1785,Bob
1786,Bob
1787,Bob
1788,Bob
1789,Bob
1790,Bob
1791,Bob
1792,Bob
1793,Bob
1794,Jorg
1795,Bob
1796,Bob
1797,Jorg
1798,Bob
1799,Bob
1800,Bob
1801,Bob
1802,Bob
1803,Jorg
1804,Jorg
1805,Jorg
1806,Bob
1807,Bob
1808,Jorg
1809,Bob
1810,Jorg
1811,Bob
1812,Bob
1813,Jorg
1814,Bob
1815,Jorg
1816,Jorg
1817,Bob
1818,Jorg
1819,Bob
1820,Jorg
1821,Bob
1822,Jorg
1823,Jorg
1824,Jorg
1825,Bob
1826,Bob
1827,Jorg
1828,Bob
1829,Bob
1830,Bob
1831,Jorg
1832,Bob
1833,Bob
1834,Jorg
1835,Jorg
1836,Bob
1837,Bob
1838,Bob
1839,Jorg
1840,Bob
1841,Bob
1842,Bob
1843,Bob
1844,Bob
1845,Bob
1846,Bob
1847,Bob
1848,Jorg
1849,Bob
1850,Jorg
1851,Bob
1852,Jorg
1853,Jorg
1854,Bob
1855,Jorg
1856,Bob
1857,Bob
1858,Bob
1859,Bob
1860,Jorg
1861,Bob
1862,Jorg
1863,Bob
1864,Jorg
1865,Bob
1866,Bob
1867,Jorg
1868,Jorg
1869,Jorg
1870,Bob
1871,Bob
1872,Bob
1873,Bob
1874,Bob
1875,Jorg
1876,Bob
1877,Jorg
1878,Bob
1879,Bob
1880,Jorg
1881,Bob
1882,Bob
1883,Jorg
1884,Bob
1885,Bob
1886,Bob
1887,Bob
1888,Bob
1889,Bob
1890,Bob
1891,Jorg
1892,Bob
1893,Bob
1894,Bob
1895,Jorg
1896,Bob
1897,Bob
1898,Bob
1899,Bob
1900,Jorg
1901,Jorg
1902,Bob
1903,Jorg
1904,Jorg
1905,Jorg
1906,Bob
1907,Bob
1908,Bob
1909,Jorg
1910,Bob
1911,Bob
1912,Bob
1913,Bob
1914,Bob
1915,Bob
1916,Jorg
1917,Bob
1918,Bob
1919,Bob
1920,Bob
1921,Bob
1922,Bob
1923,Bob
1924,Bob
1925,Jorg
1926,Bob
1927,Jorg
1928,Bob
1929,Bob
1930,Bob
1931,Bob
1932,Bob
1933,Bob
1934,Bob
1935,Bob
1936,Bob
1937,Jorg
1938,Bob
1939,Bob
1940,Bob
1941,Bob
1942,Bob
1943,Bob
1944,Jorg
1945,Bob
1946,Bob
1947,Jorg
1948,Bob
1949,Bob
1950,Bob
1951,Bob
1952,Bob
1953,Bob
1954,Bob
1955,Jorg
1956,Bob
1957,Jorg
1958,Bob
1959,Jorg
1960,Bob
1961,Bob
1962,Bob
1963,Jorg
1964,Bob
1965,Bob
1966,Bob
1967,Jorg
1968,Bob
1969,Bob
1970,Bob
1971,Bob
1972,Bob
1973,Bob
1974,Jorg
1975,Jorg
1976,Jorg
1977,Bob
1978,Jorg
1979,Bob
1980,Jorg
1981,Bob
1982,Bob
1983,Bob
1984,Jorg
1985,Bob
1986,Bob
1987,Jorg
1988,Bob
1989,Bob
1990,Bob
1991,Bob
1992,Bob
1993,Jorg
1994,Bob
1995,Bob
1996,Bob
1997,Bob
1998,Bob
1999,Jorg
2000,Bob
2001,Bob
2002,Bob
2003,Bob
2004,Jorg
2005,Bob
2006,Jorg
2007,Bob
2008,Bob
2009,Jorg
2010,Bob
2011,Bob
2012,Jorg
2013,Bob
2014,Bob
2015,Bob
2016,Bob
2017,Bob
2018,Jorg
2019,Bob
2020,Bob
2021,Jorg
2022,Bob
2023,Jorg
2024,Jorg
2025,Bob
2026,Bob
2027,Bob
2028,Bob
2029,Jorg
2030,Bob
2031,Bob
2032,Bob
2033,Bob
2034,Bob
2035,Bob
2036,Bob
2037,Jorg
2038,Bob
2039,Jorg
2040,Bob
2041,Bob
2042,Jorg
2043,Jorg
2044,Bob
2045,Bob
2046,Jorg
2047,Bob
2048,Bob
2049,Jorg
2050,Jorg
2051,Bob
2052,Bob
2053,Bob
2054,Bob
2055,Bob
2056,Bob
2057,Bob
2058,Bob
2059,Bob
2060,Bob
2061,Bob
2062,Bob
2063,Bob
2064,Bob
2065,Bob
2066,Bob
2067,Bob
2068,Bob
2069,Jorg
2070,Jorg
2071,Bob
2072,Bob
2073,Bob
2074,Bob
2075,Jorg
2076,Jorg
2077,Jorg
2078,Bob
2079,Bob
2080,Jorg
2081,Jorg
2082,Bob
2083,Bob
2084,Bob
2085,Bob
2086,Bob
2087,Jorg
2088,Bob
2089,Jorg
2090,Bob
2091,Jorg
2092,Bob
2093,Atsuto
2094,Bob
2095,Bob
2096,Jorg
2097,Jorg
2098,Bob
2099,Bob
2100,Bob
2101,Jorg
2102,Bob
2103,Bob
2104,Bob
2105,Jorg
2106,Jorg
2107,Bob
2108,Jorg
2109,Bob
2110,Bob
2111,Bob
2112,Bob
2113,Jorg
2114,Bob
2115,Bob
2116,Jorg
2117,Bob
2118,Bob
2119,Jorg
2120,Bob
2121,Jorg
2122,Jorg
2123,Bob
2124,Jorg
2125,Jorg
2126,Bob
2127,Bob
2128,Bob
2129,Jorg
2130,Bob
2131,Jorg
2132,Bob
2133,Bob
2134,Bob
2135,Jorg
2136,Bob
2137,Bob
2138,Jorg
2139,Bob
2140,Bob
2141,Bob
2142,Bob
2143,Bob
2144,Bob
2145,Jorg
2146,Bob
2147,Jorg
2148,Bob
2149,Bob
2150,Jorg
2151,Bob
2152,Bob
2153,Bob
2154,Bob
2155,Bob
2156,Jorg
2157,Bob
2158,Bob
2159,Bob
2160,Bob
2161,Bob
2162,Bob
2163,Bob
2164,Bob
2165,Bob
2166,Bob
2167,Bob
2168,Bob
2169,Jorg
2170,Bob
2171,Jorg
2172,Bob
2173,Bob
2174,Bob
2175,Bob
2176,Bob
2177,Bob
2178,Bob
2179,Bob
2180,Bob
2181,Bob
2182,Bob
2183,Bob
2184,Atsuto
2185,Bob
2186,Bob
2187,Bob
2188,Jorg
2189,Bob
2190,Bob
2191,Bob
2192,Bob
2193,Jorg
2194,Bob
2195,Jorg
2196,Jorg
2197,Bob
2198,Bob
2199,Bob
2200,Bob
2201,Bob
2202,Bob
2203,Bob
2204,Bob
2205,Bob
2206,Bob
2207,Jorg
2208,Bob
2209,Bob
2210,Jorg
2211,Bob
2212,Bob
2213,Bob
2214,Bob
2215,Bob
2216,Bob
2217,Jorg
2218,Bob
2219,Bob
2220,Bob
2221,Jorg
2222,Bob
2223,Bob
2224,Bob
2225,Jorg
2226,Jorg
2227,Bob
2228,Bob
2229,Bob
2230,Bob
2231,Jorg
2232,Bob
2233,Bob
2234,Bob
2235,Bob
2236,Bob
2237,Jorg
2238,Bob
2239,Bob
2240,Jorg
2241,Jorg
2242,Bob
2243,Bob
2244,Bob
2245,Bob
2246,Bob
2247,Bob
2248,Jorg
2249,Bob
2250,Bob
2251,Jorg
2252,Jorg
2253,Bob
2254,Bob
2255,Bob
2256,Bob
2257,Bob
2258,Bob
2259,Jorg
2260,Bob
2261,Jorg
2262,Bob
2263,Bob
2264,Bob
2265,Bob
2266,Bob
2267,Bob
2268,Bob
2269,Bob
2270,Bob
2271,Jorg
2272,Bob
2273,Bob
2274,Bob
2275,Jorg
2276,Bob
2277,Jorg
2278,Bob
2279,Atsuto
2280,Bob
2281,Bob
2282,Bob
2283,Jorg
2284,Jorg
2285,Bob
2286,Bob
2287,Bob
2288,Bob
2289,Jorg
2290,Jorg
2291,Bob
2292,Bob
2293,Jorg
2294,Bob
2295,Bob
2296,Jorg
2297,Bob
2298,Bob
2299,Bob
2300,Bob
2301,Bob
2302,Bob
2303,Jorg
2304,Jorg
2305,Bob
2306,Bob
2307,Bob
2308,Bob
2309,Bob
2310,Bob
2311,Jorg
2312,Bob
2313,Bob
2314,Jorg
2315,Bob
2316,Bob
2317,Bob
2318,Jorg
2319,Bob
2320,Bob
2321,Bob
2322,Jorg
2323,Bob
2324,Bob
2325,Bob
2326,Bob
2327,Jorg
2328,Jorg
2329,Jorg
2330,Bob
2331,Bob
2332,Bob
2333,Bob
2334,Bob
2335,Jorg
2336,Bob
2337,Bob
2338,Jorg
2339,Bob
2340,Bob
2341,Jorg
2342,Jorg
2343,Bob
2344,Bob
2345,Jorg
2346,Bob
2347,Jorg
2348,Bob
2349,Bob
2350,Jorg
2351,Jorg
2352,Bob
2353,Jorg
2354,Bob
2355,Atsuto
2356,Jorg
2357,Bob
2358,Bob
2359,Bob
2360,Bob
2361,Bob
2362,Bob
2363,Bob
2364,Bob
2365,Bob
2366,Bob
2367,Jorg
2368,Bob
2369,Bob
2370,Bob
2371,Bob
2372,Jorg
2373,Bob
2374,Jorg
2375,Bob
2376,Jorg
2377,Bob
2378,Bob
2379,Bob
2380,Jorg
2381,Bob
2382,Jorg
2383,Bob
2384,Bob
2385,Atsuto
2386,Bob
2387,Jorg
2388,Bob
2389,Bob
2390,Jorg
2391,Bob
2392,Bob
2393,Jorg
2394,Bob
2395,Bob
2396,Bob
2397,Bob
2398,Bob
2399,Bob
2400,Bob
2401,Atsuto
2402,Jorg
2403,Bob
2404,Bob
2405,Bob
2406,Jorg
2407,Jorg
2408,Jorg
2409,Bob
2410,Bob
2411,Jorg
2412,Jorg
2413,Bob
2414,Bob
2415,Bob
2416,Jorg
2417,Bob
2418,Jorg
2419,Bob
2420,Bob
2421,Bob
2422,Bob
2423,Bob
2424,Bob
2425,Jorg
2426,Bob
2427,Bob
2428,Bob
2429,Bob
2430,Bob
2431,Bob
2432,Bob
2433,Bob
2434,Bob
2435,Bob
2436,Bob
2437,Bob
2438,Bob
2439,Jorg
2440,Bob
2441,Jorg
2442,Jorg
2443,Bob
2444,Bob
2445,Bob
2446,Bob
2447,Bob
2448,Bob
2449,Bob
2450,Jorg
2451,Bob
2452,Bob
2453,Bob
2454,Bob
2455,Bob
2456,Bob
2457,Jorg
2458,Jorg
2459,Bob
2460,Bob
2461,Jorg
2462,Bob
2463,Bob
2464,Jorg
2465,Jorg
2466,Jorg
2467,Bob
2468,Bob
2469,Jorg
2470,Bob
2471,Bob
2472,Bob
2473,Jorg
2474,Jorg
2475,Bob
2476,Bob
2477,Bob
2478,Bob
2479,Bob
2480,Jorg
2481,Bob
2482,Bob
2483,Jorg
2484,Bob
2485,Jorg
2486,Bob
2487,Bob
2488,Bob
2489,Bob
2490,Jorg
2491,Bob
2492,Bob
2493,Bob
2494,Bob
2495,Bob
2496,Bob
2497,Bob
2498,Bob
2499,Bob
2500,Jorg
2501,Bob
2502,Bob
2503,Bob
2504,Bob
2505,Jorg
2506,Bob
2507,Jorg
2508,Bob
2509,Bob
2510,Bob
2511,Bob
2512,Bob
2513,Bob
2514,Bob
2515,Bob
2516,Bob
2517,Bob
2518,Bob
2519,Bob
2520,Jorg
2521,Bob
2522,Bob
2523,Bob
2524,Jorg
2525,Jorg
2526,Jorg
2527,Bob
2528,Bob
2529,Jorg
2530,Bob
2531,Bob
2532,Bob
2533,Bob
2534,Jorg
2535,Jorg
2536,Jorg
2537,Bob
2538,Jorg
2539,Bob
2540,Bob
2541,Bob
2542,Bob
2543,Jorg
2544,Bob
2545,Bob
2546,Bob
2547,Bob
2548,Bob
2549,Bob
2550,Jorg
2551,Bob
2552,Bob
2553,Bob
2554,Bob
2555,Bob
2556,Bob
2557,Bob
2558,Bob
2559,Bob
2560,Jorg
2561,Jorg
2562,Bob
2563,Bob
2564,Bob
2565,Bob
2566,Bob
2567,Bob
2568,Bob
2569,Bob
2570,Jorg
2571,Bob
2572,Bob
2573,Bob
2574,Bob
2575,Bob
2576,Jorg
2577,Bob
2578,Bob
2579,Bob
2580,Bob
2581,Bob
2582,Bob
2583,Bob
2584,Jorg
2585,Bob
2586,Jorg
2587,Jorg
2588,Bob
2589,Jorg
2590,Jorg
2591,Bob
2592,Bob
2593,Bob
2594,Bob
2595,Jorg
2596,Jorg
2597,Jorg
2598,Bob
2599,Bob
2600,Bob
2601,Bob
2602,Bob
2603,Jorg
2604,Bob
2605,Jorg
2606,Jorg
2607,Jorg
2608,Bob
2609,Bob
2610,Bob
2611,Bob
2612,Bob
2613,Bob
2614,Bob
2615,Bob
2616,Bob
2617,Bob
2618,Bob
2619,Bob
2620,Bob
2621,Jorg
2622,Jorg
2623,Bob
2624,Bob
2625,Bob
2626,Jorg
2627,Bob
2628,Bob
2629,Bob
2630,Bob
2631,Bob
2632,Jorg
2633,Bob
2634,Bob
2635,Bob
2636,Jorg
2637,Jorg
2638,Jorg
2639,Bob
2640,Jorg
2641,Bob
2642,Jorg
2643,Bob
2644,Bob
2645,Bob
2646,Bob
2647,Bob
2648,Bob
2649,Bob
2650,Bob
2651,Bob
2652,Jorg
2653,Bob
2654,Bob
2655,Bob
2656,Bob
2657,Jorg
2658,Bob
2659,Bob
2660,Jorg
2661,Bob
2662,Bob
2663,Bob
2664,Bob
2665,Bob
2666,Jorg
2667,Bob
2668,Bob
2669,Bob
2670,Bob
2671,Bob
2672,Jorg
2673,Bob
2674,Bob
2675,Jorg
2676,Bob
2677,Bob
2678,Bob
2679,Bob
2680,Bob
2681,Bob
2682,Bob
2683,Jorg
2684,Bob
2685,Bob
2686,Bob
2687,Bob
2688,Jorg
2689,Bob
2690,Bob
2691,Jorg
2692,Bob
2693,Jorg
2694,Bob
2695,Bob
2696,Bob
2697,Bob
2698,Jorg
2699,Bob
2700,Bob
2701,Jorg
2702,Bob
2703,Bob
2704,Bob
2705,Bob
2706,Jorg
2707,Bob
2708,Bob
2709,Bob
2710,Bob
2711,Jorg
2712,Jorg
2713,Bob
2714,Atsuto
2715,Bob
2716,Bob
2717,Bob
2718,Jorg
2719,Bob
2720,Bob
2721,Bob
2722,Bob
2723,Bob
2724,Bob
2725,Jorg
2726,Bob
2727,Bob
2728,Jorg
2729,Bob
2730,Bob
2731,Bob
2732,Bob
2733,Bob
2734,Bob
2735,Bob
2736,Bob
2737,Jorg
2738,Jorg
2739,Bob
2740,Bob
2741,Bob
2742,Jorg
2743,Jorg
2744,Bob
2745,Jorg
2746,Jorg
2747,Jorg
2748,Bob
2749,Bob
2750,Bob
2751,Bob
2752,Bob
2753,Bob
2754,Bob
2755,Bob
2756,Jorg
2757,Jorg
2758,Bob
2759,Bob
2760,Bob
2761,Jorg
2762,Bob
2763,Bob
2764,Bob
2765,Bob
2766,Bob
2767,Jorg
2768,Bob
2769,Bob
2770,Bob
2771,Bob
2772,Jorg
2773,Bob
2774,Bob
2775,Bob
2776,Bob
2777,Jorg
2778,Bob
2779,Bob
2780,Bob
2781,Bob
2782,Bob
2783,Bob
2784,Bob
2785,Bob
2786,Bob
2787,Jorg
2788,Bob
2789,Bob
2790,Bob
2791,Jorg
2792,Jorg
2793,Bob
2794,Bob
2795,Jorg
2796,Bob
2797,Jorg
2798,Bob
2799,Jorg
2800,Bob
2801,Jorg
2802,Bob
2803,Bob
2804,Bob
2805,Jorg
2806,Bob
2807,Atsuto
2808,Bob
2809,Bob
2810,Bob
2811,Bob
2812,Bob
2813,Jorg
2814,Bob
2815,Bob
2816,Bob
2817,Bob
2818,Bob
2819,Bob
2820,Bob
2821,Bob
2822,Bob
2823,Atsuto
2824,Bob
2825,Bob
2826,Bob
2827,Bob
2828,Jorg
2829,Bob
2830,Bob
2831,Bob
2832,Bob
2833,Bob
2834,Bob
2835,Jorg
2836,Bob
2837,Bob
2838,Bob
2839,Jorg
2840,Bob
2841,Jorg
2842,Bob
2843,Bob
2844,Bob
2845,Jorg
2846,Bob
2847,Bob
2848,Bob
2849,Bob
2850,Jorg
2851,Bob
2852,Jorg
2853,Bob
2854,Bob
2855,Bob
2856,Bob
2857,Atsuto
2858,Bob
2859,Bob
2860,Bob
2861,Bob
2862,Bob
2863,Jorg
2864,Bob
2865,Bob
2866,Bob
2867,Bob
2868,Bob
2869,Bob
2870,Bob
2871,Bob
2872,Bob
2873,Bob
2874,Bob
2875,Bob
2876,Bob
2877,Jorg
2878,Bob
2879,Bob
2880,Bob
2881,Bob
2882,Bob
2883,Jorg
2884,Bob
2885,Bob
2886,Bob
2887,Bob
2888,Jorg
2889,Bob
2890,Bob
2891,Bob
2892,Jorg
2893,Jorg
2894,Bob
2895,Jorg
2896,Bob
2897,Jorg
2898,Bob
2899,Jorg
2900,Jorg
2901,Bob
2902,Jorg
2903,Jorg
2904,Bob
2905,Bob
2906,Bob
2907,Bob
2908,Bob
2909,Jorg
2910,Bob
2911,Jorg
2912,Jorg
2913,Bob
2914,Bob
2915,Bob
2916,Bob
2917,Bob
2918,Bob
2919,Bob
2920,Bob
2921,Bob
2922,Bob
2923,Jorg
2924,Bob
2925,Bob
2926,Bob
2927,Bob
2928,Bob
2929,Jorg
2930,Bob
2931,Bob
2932,Bob
2933,Jorg
2934,Bob
2935,Bob
2936,Bob
2937,Bob
2938,Bob
2939,Bob
2940,Atsuto
2941,Jorg
2942,Jorg
2943,Bob
2944,Bob
2945,Bob
2946,Bob
2947,Bob
2948,Jorg
2949,Bob
2950,Bob
2951,Bob
2952,Jorg
2953,Bob
2954,Bob
2955,Bob
2956,Bob
2957,Bob
2958,Bob
2959,Bob
2960,Bob
2961,Bob
2962,Bob
2963,Bob
2964,Bob
2965,Bob
2966,Bob
2967,Bob
2968,Bob
2969,Bob
2970,Bob
2971,Bob
2972,Bob
2973,Bob
2974,Jorg
2975,Bob
2976,Bob
2977,Bob
2978,Bob
2979,Bob
2980,Bob
2981,Jorg
2982,Bob
2983,Bob
2984,Bob
2985,Jorg
2986,Jorg
2987,Bob
2988,Bob
2989,Jorg
2990,Jorg
2991,Jorg
2992,Bob
2993,Jorg
2994,Bob
2995,Jorg
2996,Jorg
2997,Jorg
2998,Jorg
2999,Bob
3000,Bob
3001,Bob
3002,Jorg
3003,Bob
3004,Bob
3005,Jorg
3006,Bob
3007,Bob
3008,Jorg
3009,Bob
3010,Bob
3011,Bob
3012,Jorg
3013,Bob
3014,Jorg
3015,Bob
3016,Jorg
3017,Bob
3018,Bob
3019,Bob
3020,Bob
3021,Bob
3022,Bob
3023,Bob
3024,Jorg
3025,Jorg
3026,Bob
3027,Bob
3028,Jorg
3029,Bob
3030,Bob
3031,Jorg
3032,Bob
3033,Bob
3034,Jorg
3035,Bob
3036,Bob
3037,Bob
3038,Jorg
3039,Bob
3040,Bob
3041,Bob
3042,Bob
3043,Bob
3044,Bob
3045,Bob
3046,Bob
3047,Bob
3048,Bob
3049,Bob
3050,Bob
3051,Bob
3052,Jorg
3053,Bob
3054,Bob
3055,Jorg
3056,Jorg
3057,Bob
3058,Bob
3059,Bob
3060,Bob
3061,Bob
3062,Jorg
3063,Bob
3064,Bob
3065,Bob
3066,Bob
3067,Jorg
3068,Bob
3069,Jorg
3070,Bob
3071,Bob
3072,Jorg
3073,Bob
3074,Jorg
3075,Jorg
3076,Bob
3077,Bob
3078,Bob
3079,Bob
3080,Bob
3081,Bob
3082,Bob
3083,Bob
3084,Jorg
3085,Atsuto
3086,Bob
3087,Bob
3088,Jorg
3089,Bob
3090,Bob
3091,Jorg
3092,Jorg
3093,Bob
3094,Bob
3095,Bob
3096,Bob
3097,Jorg
3098,Bob
3099,Bob
3100,Jorg
3101,Jorg
3102,Bob
3103,Bob
3104,Bob
3105,Bob
3106,Jorg
3107,Bob
3108,Bob
3109,Bob
3110,Bob
3111,Jorg
3112,Bob
3113,Jorg
3114,Bob
3115,Bob
3116,Bob
3117,Bob
3118,Bob
3119,Bob
3120,Jorg
3121,Bob
3122,Bob
3123,Bob
3124,Bob
3125,Bob
3126,Bob
3127,Jorg
3128,Bob
3129,Bob
3130,Bob
3131,Bob
3132,Jorg
3133,Jorg
3134,Bob
3135,Bob
3136,Jorg
3137,Bob
3138,Bob
3139,Bob
3140,Bob
3141,Bob
3142,Jorg
3143,Bob
3144,Bob
3145,Bob
3146,Bob
3147,Bob
3148,Bob
3149,Jorg
3150,Bob
3151,Bob
3152,Bob
3153,Jorg
3154,Jorg
3155,Jorg
3156,Bob
3157,Jorg
3158,Bob
3159,Bob
3160,Bob
3161,Jorg
3162,Bob
3163,Bob
3164,Bob
3165,Jorg
3166,Jorg
3167,Bob
3168,Jorg
3169,Bob
3170,Bob
3171,Bob
3172,Bob
3173,Bob
3174,Bob
3175,Bob
3176,Bob
3177,Bob
3178,Bob
3179,Bob
3180,Bob
3181,Bob
3182,Bob
3183,Bob
3184,Bob
3185,Bob
3186,Jorg
3187,Jorg
3188,Jorg
3189,Bob
3190,Bob
3191,Jorg
3192,Bob
3193,Bob
3194,Bob
3195,Bob
3196,Jorg
3197,Jorg
3198,Atsuto
3199,Jorg
3200,Bob
3201,Bob
3202,Bob
3203,Bob
3204,Bob
3205,Bob
3206,Bob
3207,Jorg
3208,Jorg
3209,Bob
3210,Bob
3211,Jorg
3212,Bob
3213,Bob
3214,Bob
3215,Jorg
3216,Bob
3217,Bob
3218,Jorg
3219,Jorg
3220,Jorg
3221,Jorg
3222,Bob
3223,Bob
3224,Bob
3225,Bob
3226,Bob
3227,Bob
3228,Bob
3229,Jorg
3230,Atsuto
3231,Jorg
3232,Bob
3233,Bob
3234,Bob
3235,Bob
3236,Bob
3237,Bob
3238,Jorg
3239,Bob
3240,Jorg
3241,Bob
3242,Bob
3243,Jorg
3244,Bob
3245,Bob
3246,Bob
3247,Bob
3248,Bob
3249,Jorg
3250,Bob
3251,Jorg
3252,Bob
3253,Bob
3254,Bob
3255,Jorg
3256,Bob
3257,Bob
3258,Bob
3259,Jorg
3260,Bob
3261,Bob
3262,Bob
3263,Bob
3264,Bob
3265,Bob
3266,Jorg
3267,Bob
3268,Jorg
3269,Bob
3270,Bob
3271,Bob
3272,Bob
3273,Jorg
3274,Jorg
3275,Jorg
3276,Jorg
3277,Jorg
3278,Jorg
3279,Jorg
3280,Jorg
3281,Bob
3282,Bob
3283,Bob
3284,Bob
3285,Bob
3286,Bob
3287,Bob
3288,Bob
3289,Bob
3290,Jorg
3291,Bob
3292,Jorg
3293,Atsuto
3294,Bob
3295,Bob
3296,Bob
3297,Bob
3298,Bob
3299,Jorg
3300,Bob
3301,Bob
3302,Jorg
3303,Bob
3304,Bob
3305,Jorg
3306,Bob
3307,Bob
3308,Bob
3309,Bob
3310,Jorg
3311,Bob
3312,Bob
3313,Bob
3314,Jorg
3315,Bob
3316,Bob
3317,Bob
3318,Bob
3319,Jorg
3320,Bob
3321,Bob
3322,Bob
3323,Bob
3324,Jorg
3325,Bob
3326,Bob
3327,Jorg
3328,Bob
3329,Bob
3330,Jorg
3331,Bob
3332,Bob
3333,Jorg
3334,Bob
3335,Bob
3336,Bob
3337,Bob
3338,Bob
3339,Bob
3340,Bob
3341,Bob
3342,Jorg
3343,Bob
3344,Jorg
3345,Jorg
3346,Bob
3347,Bob
3348,Jorg
3349,Bob
3350,Jorg
3351,Bob
3352,Jorg
3353,Bob
3354,Jorg
3355,Bob
3356,Bob
3357,Bob
3358,Bob
3359,Bob
3360,Jorg
3361,Jorg
3362,Bob
3363,Jorg
3364,Jorg
3365,Bob
3366,Bob
3367,Bob
3368,Jorg
3369,Jorg
3370,Bob
3371,Jorg
3372,Jorg
3373,Bob
3374,Bob
3375,Jorg
3376,Bob
3377,Bob
3378,Bob
3379,Jorg
3380,Jorg
3381,Jorg
3382,Jorg
3383,Bob
3384,Jorg
3385,Bob
3386,Bob
3387,Jorg
3388,Bob
3389,Bob
3390,Bob
3391,Bob
3392,Bob
3393,Bob
3394,Bob
3395,Jorg
3396,Jorg
3397,Jorg
3398,Bob
3399,Jorg
3400,Bob
3401,Bob
3402,Bob
3403,Jorg
3404,Bob
3405,Bob
3406,Bob
3407,Bob
3408,Jorg
3409,Jorg
3410,Bob
3411,Bob
3412,Bob
3413,Bob
3414,Jorg
3415,Bob
3416,Bob
3417,Bob
3418,Bob
3419,Bob
3420,Jorg
3421,Bob
3422,Bob
3423,Bob
3424,Bob
3425,Bob
3426,Bob
3427,Jorg
3428,Jorg
3429,Bob
3430,Jorg
3431,Jorg
3432,Bob
3433,Jorg
3434,Bob
3435,Jorg
3436,Jorg
3437,Jorg
3438,Bob
3439,Jorg
3440,Jorg
3441,Bob
3442,Jorg
3443,Bob
3444,Bob
3445,Bob
3446,Jorg
3447,Bob
3448,Bob
3449,Bob
3450,Bob
3451,Bob
3452,Bob
3453,Bob
3454,Bob
3455,Bob
3456,Bob
3457,Bob
3458,Bob
3459,Jorg
3460,Bob
3461,Jorg
3462,Bob
3463,Bob
3464,Bob
3465,Bob
3466,Jorg
3467,Bob
3468,Jorg
3469,Bob
3470,Bob
3471,Jorg
3472,Jorg
3473,Bob
3474,Bob
3475,Bob
3476,Bob
3477,Bob
3478,Bob
3479,Jorg
3480,Atsuto
3481,Bob
3482,Bob
3483,Jorg
3484,Bob
3485,Bob
3486,Bob
3487,Jorg
3488,Bob
3489,Jorg
3490,Jorg
3491,Jorg
3492,Bob
3493,Bob
3494,Bob
3495,Bob
3496,Bob
3497,Bob
3498,Jorg
3499,Jorg
3500,Bob
3501,Jorg
3502,Bob
3503,Jorg
3504,Bob
3505,Jorg
3506,Bob
3507,Bob
3508,Bob
3509,Bob
3510,Bob
3511,Bob
3512,Bob
3513,Bob
3514,Jorg
3515,Bob
3516,Bob
3517,Bob
3518,Jorg
3519,Bob
3520,Jorg
3521,Bob
3522,Jorg
3523,Bob
3524,Bob
3525,Bob
3526,Jorg
3527,Jorg
3528,Jorg
3529,Jorg
3530,Bob
3531,Jorg
3532,Jorg
3533,Atsuto
3534,Bob
3535,Bob
3536,Bob
3537,Bob
3538,Jorg
3539,Bob
3540,Bob
3541,Jorg
3542,Jorg
3543,Bob
3544,Bob
3545,Bob
3546,Bob
3547,Bob
3548,Bob
3549,Bob
3550,Jorg
3551,Bob
3552,Jorg
3553,Jorg
3554,Bob
3555,Bob
3556,Bob
3557,Jorg
3558,Bob
3559,Bob
3560,Bob
3561,Bob
3562,Bob
3563,Jorg
3564,Jorg
3565,Bob
3566,Bob
3567,Jorg
3568,Bob
3569,Jorg
3570,Jorg
3571,Bob
3572,Jorg
3573,Bob
3574,Bob
3575,Bob
3576,Bob
3577,Bob
3578,Jorg
3579,Bob
3580,Bob
3581,Jorg
3582,Bob
3583,Bob
3584,Bob
3585,Bob
3586,Bob
3587,Bob
3588,Bob
3589,Bob
3590,Bob
3591,Bob
3592,Jorg
3593,Bob
3594,Bob
3595,Bob
3596,Bob
3597,Bob
3598,Jorg
3599,Bob
3600,Bob
3601,Jorg
3602,Jorg
3603,Bob
3604,Bob
3605,Jorg
3606,Bob
3607,Bob
3608,Bob
3609,Jorg
3610,Jorg
3611,Bob
3612,Bob
3613,Bob
3614,Bob
3615,Jorg
3616,Jorg
3617,Bob
3618,Bob
3619,Bob
3620,Bob
3621,Bob
3622,Jorg
3623,Bob
3624,Jorg
3625,Bob
3626,Bob
3627,Atsuto
3628,Bob
3629,Bob
3630,Bob
3631,Bob
3632,Bob
3633,Bob
3634,Bob
3635,Bob
3636,Jorg
3637,Bob
3638,Jorg
3639,Bob
3640,Bob
3641,Jorg
3642,Bob
3643,Bob
3644,Jorg
3645,Bob
3646,Bob
3647,Bob
3648,Bob
3649,Bob
3650,Bob
3651,Jorg
3652,Bob
3653,Bob
3654,Bob
3655,Bob
3656,Bob
3657,Jorg
3658,Bob
3659,Bob
3660,Bob
3661,Jorg
3662,Bob
3663,Bob
3664,Bob
3665,Jorg
3666,Bob
3667,Bob
3668,Bob
3669,Bob
3670,Bob
3671,Bob
3672,Bob
3673,Jorg
3674,Bob
3675,Jorg
3676,Jorg
3677,Jorg
3678,Jorg
3679,Bob
3680,Bob
3681,Bob
3682,Bob
3683,Bob
3684,Bob
3685,Bob
3686,Bob
3687,Jorg
3688,Bob
3689,Bob
3690,Bob
3691,Jorg
3692,Jorg
3693,Bob
3694,Bob
3695,Bob
3696,Bob
3697,Jorg
3698,Bob
3699,Jorg
3700,Bob
3701,Jorg
3702,Bob
3703,Bob
3704,Jorg
3705,Jorg
3706,Bob
3707,Bob
3708,Jorg
3709,Bob
3710,Bob
3711,Bob
3712,Bob
3713,Jorg
3714,Jorg
3715,Jorg
3716,Bob
3717,Bob
3718,Bob
3719,Bob
3720,Bob
3721,Bob
3722,Bob
3723,Bob
3724,Jorg
3725,Bob
3726,Jorg
3727,Bob
3728,Bob
3729,Bob
3730,Bob
3731,Bob
3732,Bob
3733,Bob
3734,Bob
3735,Jorg
3736,Jorg
3737,Bob
3738,Bob
3739,Bob
3740,Bob
3741,Bob
3742,Jorg
3743,Bob
3744,Bob
3745,Bob
3746,Bob
3747,Jorg
3748,Bob
3749,Jorg
3750,Bob
3751,Jorg
3752,Jorg
3753,Jorg
3754,Bob
3755,Bob
3756,Bob
3757,Bob
3758,Bob
3759,Bob
3760,Bob
3761,Bob
3762,Bob
3763,Bob
3764,Bob
3765,Jorg
3766,Jorg
3767,Bob
3768,Bob
3769,Jorg
3770,Bob
3771,Bob
3772,Bob
3773,Jorg
3774,Bob
3775,Jorg
3776,Jorg
3777,Bob
3778,Bob
3779,Bob
3780,Jorg
3781,Bob
3782,Jorg
3783,Jorg
3784,Bob
3785,Bob
3786,Bob
3787,Bob
3788,Atsuto
3789,Jorg
3790,Bob
3791,Bob
3792,Bob
3793,Jorg
3794,Bob
3795,Bob
3796,Bob
3797,Jorg
3798,Bob
3799,Bob
3800,Bob
3801,Bob
3802,Bob
3803,Bob
3804,Bob
3805,Bob
3806,Bob
3807,Bob
3808,Bob
3809,Jorg
3810,Bob
3811,Bob
3812,Jorg
3813,Bob
3814,Jorg
3815,Bob
3816,Bob
3817,Bob
3818,Jorg
3819,Bob
3820,Bob
3821,Bob
3822,Jorg
3823,Bob
3824,Jorg
3825,Bob
3826,Bob
3827,Bob
3828,Bob
3829,Jorg
3830,Bob
3831,Bob
3832,Bob
3833,Jorg
3834,Jorg
3835,Bob
3836,Jorg
3837,Bob
3838,Bob
3839,Bob
3840,Bob
3841,Bob
3842,Bob
3843,Bob
3844,Bob
3845,Bob
3846,Jorg
3847,Bob
3848,Jorg
3849,Bob
3850,Bob
3851,Bob
3852,Bob
3853,Bob
3854,Jorg
3855,Bob
3856,Bob
3857,Bob
3858,Bob
3859,Bob
3860,Jorg
3861,Bob
3862,Bob
3863,Bob
3864,Bob
3865,Jorg
3866,Bob
3867,Jorg
3868,Bob
3869,Bob
3870,Bob
3871,Bob
3872,Bob
3873,Jorg
3874,Bob
3875,Bob
3876,Bob
3877,Jorg
3878,Bob
3879,Bob
3880,Bob
3881,Bob
3882,Bob
3883,Jorg
3884,Jorg
3885,Jorg
3886,Bob
3887,Bob
3888,Jorg
3889,Jorg
3890,Jorg
3891,Bob
3892,Bob
3893,Bob
3894,Bob
3895,Jorg
3896,Bob
3897,Jorg
3898,Bob
3899,Bob
3900,Bob
3901,Bob
3902,Jorg
3903,Bob
3904,Jorg
3905,Bob
3906,Bob
3907,Bob
3908,Jorg
3909,Bob
3910,Bob
3911,Bob
3912,Bob
3913,Jorg
3914,Jorg
3915,Bob
3916,Bob
3917,Jorg
3918,Bob
3919,Bob
3920,Bob
3921,Jorg
3922,Bob
3923,Bob
3924,Jorg
3925,Bob
3926,Jorg
3927,Bob
3928,Bob
3929,Bob
3930,Bob
3931,Jorg
3932,Bob
3933,Jorg
3934,Bob
3935,Bob
3936,Jorg
3937,Bob
3938,Bob
3939,Jorg
3940,Jorg
3941,Jorg
3942,Bob
3943,Bob
3944,Bob
3945,Jorg
3946,Jorg
3947,Jorg
3948,Bob
3949,Bob
3950,Jorg
3951,Bob
3952,Bob
3953,Jorg
3954,Bob
3955,Bob
3956,Bob
3957,Bob
3958,Jorg
3959,Jorg
3960,Bob
3961,Bob
3962,Bob
3963,Jorg
3964,Bob
3965,Bob
3966,Bob
3967,Bob
3968,Bob
3969,Jorg
3970,Jorg
3971,Bob
3972,Jorg
3973,Bob
3974,Bob
3975,Bob
3976,Bob
3977,Jorg
3978,Bob
3979,Bob
3980,Bob
3981,Bob
3982,Bob
3983,Jorg
3984,Bob
3985,Bob
3986,Jorg
3987,Bob
3988,Bob
3989,Jorg
3990,Bob
3991,Bob
3992,Jorg
3993,Bob
3994,Bob
3995,Bob
3996,Bob
3997,Bob
3998,Jorg
3999,Bob
4000,Bob
4001,Jorg
4002,Jorg
4003,Jorg
4004,Jorg
4005,Jorg
4006,Bob
4007,Bob
4008,Jorg
4009,Bob
4010,Bob
4011,Bob
4012,Bob
4013,Jorg
4014,Bob
4015,Bob
4016,Bob
4017,Jorg
4018,Bob
4019,Bob
4020,Bob
4021,Jorg
4022,Bob
4023,Jorg
4024,Bob
4025,Bob
4026,Bob
4027,Bob
4028,Bob
4029,Bob
4030,Bob
4031,Bob
4032,Atsuto
4033,Bob
4034,Bob
4035,Bob
4036,Bob
4037,Jorg
4038,Bob
4039,Bob
4040,Bob
4041,Bob
4042,Bob
4043,Bob
4044,Bob
4045,Jorg
4046,Bob
4047,Bob
4048,Bob
4049,Jorg
4050,Bob
4051,Bob
4052,Jorg
4053,Bob
4054,Bob
4055,Jorg
4056,Bob
4057,Bob
4058,Bob
4059,Bob
4060,Bob
4061,Atsuto
4062,Bob
4063,Bob
4064,Jorg
4065,Bob
4066,Bob
4067,Bob
4068,Bob
4069,Bob
4070,Jorg
4071,Bob
4072,Bob
4073,Bob
4074,Bob
4075,Bob
4076,Jorg
4077,Bob
4078,Jorg
4079,Jorg
4080,Jorg
4081,Jorg
4082,Bob
4083,Jorg
4084,Bob
4085,Jorg
4086,Bob
4087,Bob
4088,Bob
4089,Bob
4090,Bob
4091,Bob
4092,Bob
4093,Bob
4094,Bob
4095,Bob
4096,Bob
4097,Bob
4098,Bob
4099,Jorg
4100,Bob
4101,Bob
4102,Bob
4103,Bob
4104,Bob
4105,Jorg
4106,Bob
4107,Bob
4108,Bob
4109,Bob
4110,Bob
4111,Bob
4112,Jorg
4113,Bob
4114,Bob
4115,Jorg
4116,Bob
4117,Bob
4118,Bob
4119,Bob
4120,Bob
4121,Bob
4122,Bob
4123,Jorg
4124,Bob
4125,Bob
4126,Bob
4127,Jorg
4128,Bob
4129,Jorg
4130,Jorg
4131,Bob
4132,Bob
4133,Bob
4134,Bob
4135,Bob
4136,Jorg
4137,Bob
4138,Jorg
4139,Bob
4140,Jorg
4141,Jorg
4142,Bob
4143,Bob
4144,Bob
4145,Jorg
4146,Jorg
4147,Bob
4148,Bob
4149,Bob
4150,Bob
4151,Bob
4152,Bob
4153,Bob
4154,Jorg
4155,Bob
4156,Bob
4157,Bob
4158,Bob
4159,Bob
4160,Bob
4161,Jorg
4162,Bob
4163,Bob
4164,Jorg
4165,Jorg
4166,Bob
4167,Jorg
4168,Bob
4169,Jorg
4170,Bob
4171,Bob
4172,Jorg
4173,Jorg
4174,Bob
4175,Bob
4176,Bob
4177,Bob
4178,Jorg
4179,Jorg
4180,Bob
4181,Jorg
4182,Atsuto
4183,Bob
4184,Bob
4185,Bob
4186,Atsuto
4187,Bob
4188,Bob
4189,Jorg
4190,Jorg
4191,Jorg
4192,Bob
4193,Bob
4194,Bob
4195,Jorg
4196,Bob
4197,Bob
4198,Bob
4199,Bob
4200,Jorg
4201,Bob
4202,Bob
4203,Jorg
4204,Bob
4205,Jorg
4206,Bob
4207,Bob
4208,Bob
4209,Jorg
4210,Jorg
4211,Bob
4212,Jorg
4213,Bob
4214,Bob
4215,Bob
4216,Jorg
4217,Bob
4218,Bob
4219,Bob
4220,Bob
4221,Bob
4222,Bob
4223,Bob
4224,Bob
4225,Bob
4226,Jorg
4227,Bob
4228,Bob
4229,Bob
4230,Bob
4231,Bob
4232,Bob
4233,Bob
4234,Bob
4235,Bob
4236,Bob
4237,Jorg
4238,Bob
4239,Bob
4240,Bob
4241,Bob
4242,Bob
4243,Jorg
4244,Bob
4245,Jorg
4246,Bob
4247,Bob
4248,Bob
4249,Bob
4250,Bob
4251,Bob
4252,Jorg
4253,Bob
4254,Bob
4255,Bob
4256,Bob
4257,Bob
4258,Bob
4259,Bob
4260,Bob
4261,Bob
4262,Bob
4263,Bob
4264,Bob
4265,Bob
4266,Bob
4267,Jorg
4268,Bob
4269,Bob
4270,Bob
4271,Bob
4272,Bob
4273,Bob
4274,Bob
4275,Bob
4276,Jorg
4277,Bob
4278,Bob
4279,Bob
4280,Bob
4281,Bob
4282,Jorg
4283,Bob
4284,Bob
4285,Jorg
4286,Bob
4287,Jorg
4288,Bob
4289,Bob
4290,Jorg
4291,Bob
4292,Bob
4293,Bob
4294,Bob
4295,Bob
4296,Bob
4297,Jorg
4298,Bob
4299,Bob
4300,Bob
4301,Bob
4302,Bob
4303,Bob
4304,Jorg
4305,Jorg
4306,Bob
4307,Bob
4308,Bob
4309,Bob
4310,Bob
4311,Bob
4312,Jorg
4313,Bob
4314,Bob
4315,Jorg
4316,Bob
4317,Bob
4318,Bob
4319,Jorg
4320,Bob
4321,Bob
4322,Jorg
4323,Bob
4324,Jorg
4325,Bob
4326,Bob
4327,Jorg
4328,Bob
4329,Jorg
4330,Bob
4331,Bob
4332,Jorg
4333,Bob
4334,Bob
4335,Bob
4336,Bob
4337,Bob
4338,Jorg
4339,Bob
4340,Jorg
4341,Bob
4342,Bob
4343,Bob
4344,Jorg
4345,Bob
4346,Bob
4347,Bob
4348,Bob
4349,Bob
4350,Bob
4351,Jorg
4352,Jorg
4353,Bob
4354,Bob
4355,Bob
4356,Jorg
4357,Jorg
4358,Bob
4359,Jorg
4360,Bob
4361,Bob
4362,Bob
4363,Bob
4364,Jorg
4365,Bob
4366,Bob
4367,Bob
4368,Bob
4369,Jorg
4370,Bob
4371,Jorg
4372,Bob
4373,Jorg
4374,Bob
4375,Bob
4376,Bob
4377,Jorg
4378,Atsuto
4379,Bob
4380,Jorg
4381,Bob
4382,Bob
4383,Jorg
4384,Bob
4385,Bob
4386,Bob
4387,Jorg
4388,Bob
4389,Bob
4390,Bob
4391,Bob
4392,Jorg
4393,Jorg
4394,Bob
4395,Jorg
4396,Bob
4397,Bob
4398,Jorg
4399,Bob
4400,Bob
4401,Jorg
4402,Bob
4403,Jorg
4404,Bob
4405,Jorg
4406,Jorg
4407,Jorg
4408,Jorg
4409,Jorg
4410,Jorg
4411,Bob
4412,Bob
4413,Bob
4414,Jorg
4415,Jorg
4416,Bob
4417,Bob
4418,Bob
4419,Bob
4420,Bob
4421,Bob
4422,Bob
4423,Bob
4424,Bob
4425,Jorg
4426,Jorg
4427,Bob
4428,Jorg
4429,Bob
4430,Jorg
4431,Jorg
4432,Bob
4433,Bob
4434,Bob
4435,Jorg
4436,Bob
4437,Bob
4438,Bob
4439,Bob
4440,Bob
4441,Bob
4442,Bob
4443,Jorg
4444,Bob
4445,Bob
4446,Jorg
4447,Bob
4448,Bob
4449,Bob
4450,Bob
4451,Bob
4452,Jorg
4453,Bob
4454,Bob
4455,Jorg
4456,Bob
4457,Bob
4458,Jorg
4459,Jorg
4460,Bob
4461,Bob
4462,Bob
4463,Bob
4464,Bob
4465,Jorg
4466,Bob
4467,Bob
4468,Jorg
4469,Bob
4470,Jorg
4471,Bob
4472,Jorg
4473,Bob
4474,Bob
4475,Bob
4476,Bob
4477,Bob
4478,Bob
4479,Jorg
4480,Bob
4481,Jorg
4482,Jorg
4483,Bob
4484,Bob
4485,Bob
4486,Bob
4487,Bob
4488,Bob
4489,Bob
4490,Jorg
4491,Bob
4492,Jorg
4493,Jorg
4494,Bob
4495,Bob
4496,Bob
4497,Jorg
4498,Bob
4499,Bob
4500,Bob
4501,Bob
4502,Bob
4503,Bob
4504,Bob
4505,Bob
4506,Jorg
4507,Bob
4508,Bob
4509,Jorg
4510,Jorg
4511,Jorg
4512,Jorg
4513,Bob
4514,Jorg
4515,Jorg
4516,Jorg
4517,Bob
4518,Bob
4519,Bob
4520,Bob
4521,Jorg
4522,Bob
4523,Bob
4524,Bob
4525,Bob
4526,Jorg
4527,Bob
4528,Bob
4529,Jorg
4530,Jorg
4531,Bob
4532,Bob
4533,Jorg
4534,Bob
4535,Bob
4536,Jorg
4537,Bob
4538,Bob
4539,Bob
4540,Bob
4541,Bob
4542,Bob
4543,Bob
4544,Bob
4545,Jorg
4546,Jorg
4547,Jorg
4548,Bob
4549,Bob
4550,Bob
4551,Bob
4552,Bob
4553,Jorg
4554,Bob
4555,Bob
4556,Jorg
4557,Jorg
4558,Jorg
4559,Jorg
4560,Bob
4561,Bob
4562,Bob
4563,Bob
4564,Bob
4565,Jorg
4566,Bob
4567,Jorg
4568,Bob
4569,Bob
4570,Bob
4571,Bob
4572,Bob
4573,Bob
4574,Bob
4575,Jorg
4576,Jorg
4577,Bob
4578,Bob
4579,Jorg
4580,Jorg
4581,Bob
4582,Bob
4583,Bob
4584,Bob
4585,Bob
4586,Jorg
4587,Bob
4588,Jorg
4589,Bob
4590,Bob
4591,Jorg
4592,Bob
4593,Jorg
4594,Bob
4595,Bob
4596,Jorg
4597,Bob
4598,Bob
4599,Jorg
4600,Jorg
4601,Bob
4602,Bob
4603,Jorg
4604,Jorg
4605,Bob
4606,Jorg
4607,Bob
4608,Bob
4609,Bob
4610,Bob
4611,Bob
4612,Jorg
4613,Bob
4614,Bob
4615,Jorg
4616,Bob
4617,Bob
4618,Jorg
4619,Bob
4620,Bob
4621,Bob
4622,Jorg
4623,Jorg
4624,Bob
4625,Bob
4626,Bob
4627,Bob
4628,Jorg
4629,Bob
4630,Bob
4631,Bob
4632,Bob
4633,Bob
4634,Bob
4635,Bob
4636,Bob
4637,Jorg
4638,Jorg
4639,Bob
4640,Bob
4641,Bob
4642,Bob
4643,Jorg
4644,Jorg
4645,Jorg
4646,Bob
4647,Jorg
4648,Bob
4649,Jorg
4650,Bob
4651,Bob
4652,Bob
4653,Bob
4654,Jorg
4655,Bob
4656,Bob
4657,Jorg
4658,Bob
4659,Bob
4660,Bob
4661,Bob
4662,Bob
4663,Bob
4664,Bob
4665,Bob
4666,Bob
4667,Atsuto
4668,Jorg
4669,Bob
4670,Bob
4671,Bob
4672,Jorg
4673,Jorg
4674,Jorg
4675,Jorg
4676,Bob
4677,Bob
4678,Bob
4679,Jorg
4680,Bob
4681,Bob
4682,Bob
4683,Bob
4684,Jorg
4685,Bob
4686,Jorg
4687,Jorg
4688,Bob
4689,Bob
4690,Bob
4691,Bob
4692,Jorg
4693,Jorg
4694,Bob
4695,Jorg
4696,Jorg
4697,Bob
4698,Bob
4699,Bob
4700,Jorg
4701,Jorg
4702,Jorg
4703,Bob
4704,Bob
4705,Bob
4706,Bob
4707,Bob
4708,Bob
4709,Bob
4710,Bob
4711,Bob
4712,Jorg
4713,Bob
4714,Bob
4715,Bob
4716,Bob
4717,Bob
4718,Bob
4719,Jorg
4720,Bob
4721,Bob
4722,Jorg
4723,Jorg
4724,Jorg
4725,Bob
4726,Bob
4727,Jorg
4728,Jorg
4729,Bob
4730,Jorg
4731,Bob
4732,Bob
4733,Jorg
4734,Bob
4735,Jorg
4736,Bob
4737,Bob
4738,Bob
4739,Jorg
4740,Bob
4741,Jorg
4742,Bob
4743,Bob
4744,Bob
4745,Bob
4746,Bob
4747,Bob
4748,Bob
4749,Jorg
4750,Bob
4751,Bob
4752,Bob
4753,Bob
4754,Bob
4755,Jorg
4756,Bob
4757,Jorg
4758,Bob
4759,Atsuto
4760,Bob
4761,Bob
4762,Bob
4763,Bob
4764,Bob
4765,Bob
4766,Jorg
4767,Jorg
4768,Bob
4769,Bob
4770,Jorg
4771,Bob
4772,Jorg
4773,Bob
4774,Bob
4775,Jorg
4776,Bob
4777,Bob
4778,Bob
4779,Jorg
4780,Bob
4781,Bob
4782,Bob
4783,Bob
4784,Bob
4785,Bob
4786,Bob
4787,Bob
4788,Bob
4789,Bob
4790,Bob
4791,Bob
4792,Bob
4793,Bob
4794,Bob
4795,Bob
4796,Jorg
4797,Bob
4798,Bob
4799,Bob
4800,Jorg
4801,Jorg
4802,Bob
4803,Bob
4804,Bob
4805,Bob
4806,Bob
4807,Bob
4808,Bob
4809,Bob
4810,Bob
4811,Bob
4812,Jorg
4813,Bob
4814,Bob
4815,Bob
4816,Bob
4817,Bob
4818,Bob
4819,Bob
4820,Jorg
4821,Jorg
4822,Bob
4823,Bob
4824,Jorg
4825,Bob
4826,Bob
4827,Bob
4828,Bob
4829,Bob
4830,Jorg
4831,Jorg
4832,Bob
4833,Bob
4834,Bob
4835,Bob
4836,Bob
4837,Bob
4838,Bob
4839,Bob
4840,Bob
4841,Bob
4842,Jorg
4843,Jorg
4844,Jorg
4845,Bob
4846,Jorg
4847,Jorg
4848,Bob
4849,Bob
4850,Bob
4851,Bob
4852,Bob
4853,Bob
4854,Bob
4855,Bob
4856,Bob
4857,Jorg
4858,Jorg
4859,Bob
4860,Bob
4861,Jorg
4862,Bob
4863,Bob
4864,Bob
4865,Jorg
4866,Bob
4867,Bob
4868,Bob
4869,Bob
4870,Bob
4871,Bob
4872,Bob
4873,Jorg
4874,Bob
4875,Jorg
4876,Bob
4877,Bob
4878,Bob
4879,Bob
4880,Bob
4881,Bob
4882,Jorg
4883,Bob
4884,Jorg
4885,Bob
4886,Bob
4887,Bob
4888,Jorg
4889,Bob
4890,Jorg
4891,Bob
4892,Jorg
4893,Jorg
4894,Bob
4895,Bob
4896,Jorg
4897,Jorg
4898,Jorg
4899,Jorg
4900,Bob
4901,Jorg
4902,Bob
4903,Bob
4904,Bob
4905,Bob
4906,Jorg
4907,Bob
4908,Bob
4909,Bob
4910,Jorg
4911,Bob
4912,Bob
4913,Bob
4914,Jorg
4915,Jorg
4916,Jorg
4917,Bob
4918,Bob
4919,Bob
4920,Bob
4921,Bob
4922,Atsuto
4923,Bob
4924,Bob
4925,Bob
4926,Jorg
4927,Jorg
4928,Bob
4929,Bob
4930,Bob
4931,Bob
4932,Bob
4933,Bob
4934,Bob
4935,Bob
4936,Bob
4937,Bob
4938,Bob
4939,Bob
4940,Bob
4941,Bob
4942,Jorg
4943,Bob
4944,Jorg
4945,Bob
4946,Jorg
4947,Bob
4948,Bob
4949,Jorg
4950,Bob
4951,Bob
4952,Jorg
4953,Jorg
4954,Bob
4955,Jorg
4956,Jorg
4957,Jorg
4958,Bob
4959,Bob
4960,Bob
4961,Bob
4962,Bob
4963,Jorg
4964,Bob
4965,Bob
4966,Bob
4967,Bob
4968,Bob
4969,Jorg
4970,Atsuto
4971,Bob
4972,Jorg
4973,Bob
4974,Jorg
4975,Jorg
4976,Jorg
4977,Bob
4978,Bob
4979,Jorg
4980,Bob
4981,Bob
4982,Atsuto
4983,Bob
4984,Jorg
4985,Bob
4986,Bob
4987,Bob
4988,Bob
4989,Bob
4990,Bob
4991,Jorg
4992,Jorg
4993,Bob
4994,Bob
4995,Bob
4996,Bob
4997,Jorg
4998,Bob
4999,Jorg
5000,Jorg
5001,Bob
5002,Bob
5003,Bob
5004,Bob
5005,Jorg
5006,Jorg
5007,Bob
5008,Atsuto
5009,Bob
5010,Bob
5011,Bob
5012,Bob
5013,Bob
5014,Bob
5015,Bob
5016,Bob
5017,Jorg
5018,Jorg
5019,Jorg
5020,Bob
5021,Bob
5022,Jorg
5023,Jorg
5024,Jorg
5025,Bob
5026,Bob
5027,Jorg
5028,Bob
5029,Bob
5030,Jorg
5031,Bob
5032,Jorg
5033,Bob
5034,Bob
5035,Jorg
5036,Bob
5037,Bob
5038,Bob
5039,Bob
5040,Bob
5041,Bob
5042,Bob
5043,Bob
5044,Bob
5045,Bob
5046,Bob
5047,Bob
5048,Bob
5049,Bob
5050,Bob
5051,Jorg
5052,Jorg
5053,Bob
5054,Bob
5055,Bob
5056,Bob
5057,Atsuto
5058,Bob
5059,Jorg
5060,Jorg
5061,Bob
5062,Jorg
5063,Bob
5064,Bob
5065,Bob
5066,Jorg
5067,Bob
5068,Bob
5069,Bob
5070,Bob
5071,Jorg
5072,Bob
5073,Jorg
5074,Bob
5075,Bob
5076,Bob
5077,Bob
5078,Bob
5079,Jorg
5080,Jorg
5081,Bob
5082,Bob
5083,Bob
5084,Bob
5085,Bob
5086,Bob
5087,Bob
5088,Bob
5089,Bob
5090,Jorg
5091,Bob
5092,Jorg
5093,Bob
5094,Bob
5095,Bob
5096,Bob
5097,Jorg
5098,Jorg
5099,Bob
5100,Jorg
5101,Bob
5102,Bob
5103,Jorg
5104,Bob
5105,Jorg
5106,Bob
5107,Jorg
5108,Bob
5109,Bob
5110,Bob
5111,Bob
5112,Bob
5113,Bob
5114,Bob
5115,Bob
5116,Bob
5117,Bob
5118,Bob
5119,Bob
5120,Bob
5121,Bob
5122,Jorg
5123,Bob
5124,Bob
5125,Bob
5126,Jorg
5127,Jorg
5128,Bob
5129,Jorg
5130,Bob
5131,Bob
5132,Bob
5133,Bob
5134,Jorg
5135,Bob
5136,Bob
5137,Bob
5138,Bob
5139,Jorg
5140,Bob
5141,Bob
5142,Bob
5143,Bob
5144,Bob
5145,Bob
5146,Bob
5147,Bob
5148,Bob
5149,Atsuto
5150,Bob
5151,Jorg
5152,Jorg
5153,Bob
5154,Jorg
5155,Bob
5156,Bob
5157,Bob
5158,Bob
5159,Jorg
5160,Jorg
5161,Bob
5162,Bob
5163,Jorg
5164,Bob
5165,Bob
5166,Bob
5167,Bob
5168,Bob
5169,Bob
5170,Bob
5171,Bob
5172,Jorg
5173,Jorg
5174,Bob
5175,Jorg
5176,Bob
5177,Bob
5178,Jorg
5179,Bob
5180,Bob
5181,Bob
5182,Jorg
5183,Bob
5184,Bob
5185,Bob
5186,Bob
5187,Bob
5188,Bob
5189,Bob
5190,Bob
5191,Bob
5192,Jorg
5193,Bob
5194,Bob
5195,Bob
5196,Bob
5197,Bob
5198,Bob
5199,Bob
5200,Jorg
5201,Bob
5202,Jorg
5203,Jorg
5204,Bob
5205,Bob
5206,Bob
5207,Jorg
5208,Jorg
5209,Bob
5210,Bob
5211,Jorg
5212,Jorg
5213,Bob
5214,Bob
5215,Bob
5216,Bob
5217,Jorg
5218,Bob
5219,Bob
5220,Bob
5221,Jorg
5222,Jorg
5223,Atsuto
5224,Bob
5225,Bob
5226,Bob
5227,Bob
5228,Bob
5229,Bob
5230,Bob
5231,Jorg
5232,Jorg
5233,Bob
5234,Jorg
5235,Jorg
5236,Bob
5237,Jorg
5238,Jorg
5239,Jorg
5240,Bob
5241,Jorg
5242,Jorg
5243,Bob
5244,Bob
5245,Jorg
5246,Jorg
5247,Jorg
5248,Bob
5249,Bob
5250,Jorg
5251,Jorg
5252,Bob
5253,Bob
5254,Bob
5255,Bob
5256,Bob
5257,Bob
5258,Jorg
5259,Bob
5260,Jorg
5261,Bob
5262,Bob
5263,Bob
5264,Bob
5265,Bob
5266,Bob
5267,Jorg
5268,Jorg
5269,Jorg
5270,Bob
5271,Jorg
5272,Bob
5273,Bob
5274,Bob
5275,Bob
5276,Bob
5277,Jorg
5278,Bob
5279,Bob
5280,Jorg
5281,Jorg
5282,Jorg
5283,Bob
5284,Bob
5285,Bob
5286,Jorg
5287,Bob
5288,Bob
5289,Jorg
5290,Jorg
5291,Jorg
5292,Bob
5293,Bob
5294,Bob
5295,Jorg
5296,Bob
5297,Bob
5298,Jorg
5299,Bob
5300,Bob
5301,Bob
5302,Jorg
5303,Bob
5304,Bob
5305,Bob
5306,Jorg
5307,Bob
5308,Bob
5309,Bob
5310,Jorg
5311,Bob
5312,Bob
5313,Jorg
5314,Bob
5315,Jorg
5316,Bob
5317,Bob
5318,Bob
5319,Jorg
5320,Bob
5321,Bob
5322,Jorg
5323,Bob
5324,Bob
5325,Jorg
5326,Bob
5327,Jorg
5328,Bob
5329,Bob
5330,Bob
5331,Bob
5332,Bob
5333,Bob
5334,Jorg
5335,Bob
5336,Bob
5337,Bob
5338,Bob
5339,Bob
5340,Bob
5341,Bob
5342,Bob
5343,Jorg
5344,Bob
5345,Bob
5346,Bob
5347,Bob
5348,Jorg
5349,Bob
5350,Bob
5351,Jorg
5352,Bob
5353,Bob
5354,Bob
5355,Jorg
5356,Bob
5357,Jorg
5358,Bob
5359,Bob
5360,Bob
5361,Bob
5362,Bob
5363,Bob
5364,Bob
5365,Bob
5366,Jorg
5367,Bob
5368,Bob
5369,Jorg
5370,Bob
5371,Bob
5372,Jorg
5373,Jorg
5374,Bob
5375,Jorg
5376,Bob
5377,Bob
5378,Jorg
5379,Bob
5380,Jorg
5381,Jorg
5382,Bob
5383,Jorg
5384,Bob
5385,Bob
5386,Bob
5387,Bob
5388,Bob
5389,Bob
5390,Bob
5391,Bob
5392,Jorg
5393,Bob
5394,Bob
5395,Bob
5396,Bob
5397,Bob
5398,Bob
5399,Bob
5400,Bob
5401,Jorg
5402,Bob
5403,Bob
5404,Bob
5405,Bob
5406,Bob
5407,Bob
5408,Bob
5409,Bob
5410,Jorg
5411,Bob
5412,Bob
5413,Bob
5414,Jorg
5415,Bob
5416,Bob
5417,Bob
5418,Bob
5419,Bob
5420,Bob
5421,Bob
5422,Bob
5423,Bob
5424,Jorg
5425,Bob
5426,Bob
5427,Bob
5428,Jorg
5429,Jorg
5430,Bob
5431,Bob
5432,Bob
5433,Jorg
5434,Bob
5435,Bob
5436,Bob
5437,Bob
5438,Bob
5439,Atsuto
5440,Jorg
5441,Bob
5442,Bob
5443,Bob
5444,Bob
5445,Bob
5446,Jorg
5447,Bob
5448,Bob
5449,Bob
5450,Bob
5451,Bob
5452,Bob
5453,Jorg
5454,Bob
5455,Bob
5456,Bob
5457,Bob
5458,Bob
5459,Jorg
5460,Bob
5461,Jorg
5462,Jorg
5463,Jorg
5464,Bob
5465,Bob
5466,Bob
5467,Bob
5468,Jorg
5469,Bob
5470,Bob
5471,Bob
5472,Jorg
5473,Bob
5474,Jorg
5475,Bob
5476,Bob
5477,Bob
5478,Jorg
5479,Bob
5480,Bob
5481,Bob
5482,Jorg
5483,Jorg
5484,Bob
5485,Jorg
5486,Jorg
5487,Bob
5488,Bob
5489,Jorg
5490,Bob
5491,Bob
5492,Bob
5493,Bob
5494,Bob
5495,Bob
5496,Bob
5497,Bob
5498,Jorg
5499,Jorg
5500,Jorg
5501,Atsuto
5502,Bob
5503,Bob
5504,Bob
5505,Bob
5506,Bob
5507,Bob
5508,Jorg
5509,Bob
5510,Bob
5511,Jorg
5512,Bob
5513,Bob
5514,Jorg
5515,Jorg
5516,Bob
5517,Bob
5518,Jorg
5519,Atsuto
5520,Bob
5521,Bob
5522,Bob
5523,Bob
5524,Jorg
5525,Jorg
5526,Bob
5527,Jorg
5528,Jorg
5529,Jorg
5530,Bob
5531,Jorg
5532,Jorg
5533,Bob
5534,Bob
5535,Jorg
5536,Bob
5537,Bob
5538,Bob
5539,Jorg
5540,Jorg
5541,Bob
5542,Bob
5543,Bob
5544,Jorg
5545,Bob
5546,Bob
5547,Jorg
5548,Bob
5549,Bob
5550,Bob
5551,Bob
5552,Bob
5553,Bob
5554,Bob
5555,Bob
5556,Bob
5557,Bob
5558,Bob
5559,Jorg
5560,Bob
5561,Bob
5562,Jorg
5563,Jorg
5564,Bob
5565,Bob
5566,Bob
5567,Bob
5568,Atsuto
5569,Bob
5570,Bob
5571,Bob
5572,Jorg
5573,Bob
5574,Bob
5575,Bob
5576,Jorg
5577,Jorg
5578,Jorg
5579,Bob
5580,Bob
5581,Bob
5582,Bob
5583,Bob
5584,Bob
5585,Jorg
5586,Jorg
5587,Bob
5588,Jorg
5589,Bob
5590,Bob
5591,Jorg
5592,Bob
5593,Atsuto
5594,Bob
5595,Bob
5596,Bob
5597,Bob
5598,Bob
5599,Bob
5600,Bob
5601,Bob
5602,Bob
5603,Bob
5604,Jorg
5605,Bob
5606,Jorg
5607,Bob
5608,Bob
5609,Jorg
5610,Bob
5611,Bob
5612,Bob
5613,Jorg
5614,Bob
5615,Jorg
5616,Atsuto
5617,Bob
5618,Jorg
5619,Bob
5620,Bob
5621,Jorg
5622,Bob
5623,Bob
5624,Jorg
5625,Bob
5626,Jorg
5627,Bob
5628,Bob
5629,Bob
5630,Bob
5631,Bob
5632,Atsuto
5633,Jorg
5634,Jorg
5635,Bob
5636,Bob
5637,Bob
5638,Bob
5639,Jorg
5640,Bob
5641,Bob
5642,Bob
5643,Bob
5644,Jorg
5645,Bob
5646,Bob
5647,Bob
5648,Bob
5649,Jorg
5650,Jorg
5651,Jorg
5652,Bob
5653,Bob
5654,Bob
5655,Bob
5656,Bob
5657,Bob
5658,Jorg
5659,Bob
5660,Bob
5661,Bob
5662,Bob
5663,Jorg
5664,Bob
5665,Bob
5666,Bob
5667,Bob
5668,Bob
5669,Bob
5670,Bob
5671,Bob
5672,Bob
5673,Jorg
5674,Bob
5675,Bob
5676,Jorg
5677,Bob
5678,Bob
5679,Bob
5680,Bob
5681,Bob
5682,Bob
5683,Bob
5684,Bob
5685,Bob
5686,Bob
5687,Bob
5688,Bob
5689,Bob
5690,Bob
5691,Bob
5692,Atsuto
5693,Bob
5694,Bob
5695,Jorg
5696,Bob
5697,Bob
5698,Jorg
5699,Bob
5700,Bob
5701,Bob
5702,Bob
5703,Bob
5704,Jorg
5705,Bob
5706,Bob
5707,Bob
5708,Bob
5709,Bob
5710,Bob
5711,Bob
5712,Jorg
5713,Bob
5714,Bob
5715,Bob
5716,Bob
5717,Bob
5718,Jorg
5719,Jorg
5720,Bob
5721,Bob
5722,Bob
5723,Bob
5724,Bob
5725,Bob
5726,Bob
5727,Bob
5728,Jorg
5729,Bob
5730,Jorg
5731,Bob
5732,Bob
5733,Bob
5734,Bob
5735,Bob
5736,Bob
5737,Jorg
5738,Bob
5739,Jorg
5740,Bob
5741,Jorg
5742,Jorg
5743,Bob
5744,Bob
5745,Bob
5746,Jorg
5747,Bob
5748,Bob
5749,Jorg
5750,Jorg
5751,Bob
5752,Bob
5753,Bob
5754,Jorg
5755,Bob
5756,Bob
5757,Bob
5758,Bob
5759,Bob
5760,Jorg
5761,Bob
5762,Jorg
5763,Bob
5764,Atsuto
5765,Bob
5766,Bob
5767,Bob
5768,Jorg
5769,Bob
5770,Bob
5771,Bob
5772,Bob
5773,Bob
5774,Jorg
5775,Bob
5776,Bob
5777,Bob
5778,Bob
5779,Jorg
5780,Jorg
5781,Bob
5782,Jorg
5783,Bob
5784,Bob
5785,Bob
5786,Jorg
5787,Bob
5788,Bob
5789,Bob
5790,Jorg
5791,Jorg
5792,Bob
5793,Bob
5794,Bob
5795,Bob
5796,Bob
5797,Bob
5798,Jorg
5799,Jorg
5800,Jorg
5801,Jorg
5802,Jorg
5803,Bob
5804,Bob
5805,Bob
5806,Bob
5807,Bob
5808,Bob
5809,Jorg
5810,Jorg
5811,Bob
5812,Bob
5813,Jorg
5814,Bob
5815,Bob
5816,Jorg
5817,Bob
5818,Bob
5819,Bob
5820,Bob
5821,Jorg
5822,Bob
5823,Bob
5824,Jorg
5825,Bob
5826,Bob
5827,Bob
5828,Jorg
5829,Jorg
5830,Jorg
5831,Bob
5832,Bob
5833,Jorg
5834,Bob
5835,Jorg
5836,Bob
5837,Bob
5838,Bob
5839,Jorg
5840,Jorg
5841,Bob
5842,Bob
5843,Jorg
5844,Jorg
5845,Bob
5846,Bob
5847,Bob
5848,Bob
5849,Jorg
5850,Bob
5851,Bob
5852,Bob
5853,Bob
5854,Bob
5855,Jorg
5856,Bob
5857,Bob
5858,Jorg
5859,Bob
5860,Bob
5861,Bob
5862,Bob
5863,Bob
5864,Jorg
5865,Bob
5866,Bob
5867,Bob
5868,Bob
5869,Bob
5870,Bob
5871,Bob
5872,Bob
5873,Bob
5874,Bob
5875,Bob
5876,Bob
5877,Jorg
5878,Bob
5879,Bob
5880,Bob
5881,Bob
5882,Bob
5883,Bob
5884,Bob
5885,Bob
5886,Bob
5887,Bob
5888,Bob
5889,Bob
5890,Bob
5891,Jorg
5892,Bob
5893,Bob
5894,Bob
5895,Bob
5896,Jorg
5897,Jorg
5898,Bob
5899,Bob
5900,Bob
5901,Bob
5902,Jorg
5903,Bob
5904,Atsuto
5905,Bob
5906,Bob
5907,Bob
5908,Jorg
5909,Bob
5910,Bob
5911,Jorg
5912,Atsuto
5913,Bob
5914,Bob
5915,Bob
5916,Atsuto
5917,Bob
5918,Jorg
5919,Jorg
5920,Bob
5921,Bob
5922,Bob
5923,Bob
5924,Bob
5925,Bob
5926,Bob
5927,Bob
5928,Jorg
5929,Bob
5930,Bob
5931,Jorg
5932,Bob
5933,Jorg
5934,Bob
5935,Bob
5936,Bob
5937,Bob
5938,Bob
5939,Bob
5940,Bob
5941,Bob
5942,Bob
5943,Bob
5944,Jorg
5945,Bob
5946,Bob
5947,Jorg
5948,Jorg
5949,Bob
5950,Bob
5951,Bob
5952,Jorg
5953,Atsuto
5954,Bob
5955,Jorg
5956,Jorg
5957,Bob
5958,Bob
5959,Bob
5960,Bob
5961,Jorg
5962,Bob
5963,Bob
5964,Bob
5965,Bob
5966,Bob
5967,Bob
5968,Bob
5969,Bob
5970,Jorg
5971,Jorg
5972,Bob
5973,Bob
5974,Jorg
5975,Bob
5976,Bob
5977,Bob
5978,Bob
5979,Bob
5980,Bob
5981,Bob
5982,Bob
5983,Bob
5984,Bob
5985,Bob
5986,Bob
5987,Jorg
5988,Bob
5989,Bob
5990,Bob
5991,Jorg
5992,Jorg
5993,Jorg
5994,Bob
5995,Bob
5996,Bob
5997,Bob
5998,Bob
5999,Bob
6000,Bob
6001,Jorg
6002,Bob
6003,Bob
6004,Jorg
6005,Jorg
6006,Bob
6007,Bob
6008,Bob
6009,Bob
6010,Jorg
6011,Atsuto
6012,Jorg
6013,Bob
6014,Bob
6015,Bob
6016,Bob
6017,Atsuto
6018,Bob
6019,Bob
6020,Bob
6021,Bob
6022,Jorg
6023,Bob
6024,Jorg
6025,Bob
6026,Bob
6027,Bob
6028,Bob
6029,Bob
6030,Jorg
6031,Jorg
6032,Jorg
6033,Bob
6034,Bob
6035,Bob
6036,Jorg
6037,Jorg
6038,Bob
6039,Bob
6040,Bob
6041,Jorg
6042,Jorg
6043,Bob
6044,Bob
6045,Jorg
6046,Bob
6047,Bob
6048,Bob
6049,Bob
6050,Bob
6051,Jorg
6052,Bob
6053,Bob
6054,Bob
6055,Bob
6056,Jorg
6057,Jorg
6058,Bob
6059,Jorg
6060,Bob
6061,Bob
6062,Jorg
6063,Bob
6064,Bob
6065,Bob
6066,Bob
6067,Bob
6068,Jorg
6069,Bob
6070,Bob
6071,Bob
6072,Bob
6073,Jorg
6074,Jorg
6075,Bob
6076,Bob
6077,Bob
6078,Jorg
6079,Bob
6080,Bob
6081,Bob
6082,Jorg
6083,Bob
6084,Atsuto
6085,Jorg
6086,Bob
6087,Bob
6088,Jorg
6089,Bob
6090,Jorg
6091,Bob
6092,Bob
6093,Jorg
6094,Bob
6095,Bob
6096,Bob
6097,Jorg
6098,Bob
6099,Bob
6100,Bob
6101,Bob
6102,Bob
6103,Bob
6104,Jorg
6105,Bob
6106,Bob
6107,Bob
6108,Bob
6109,Bob
6110,Bob
6111,Jorg
6112,Bob
6113,Bob
6114,Bob
6115,Bob
6116,Bob
6117,Bob
6118,Bob
6119,Jorg
6120,Bob
6121,Jorg
6122,Bob
6123,Bob
6124,Bob
6125,Jorg
6126,Bob
6127,Bob
6128,Jorg
6129,Jorg
6130,Bob
6131,Bob
6132,Bob
6133,Bob
6134,Bob
6135,Bob
6136,Bob
6137,Bob
6138,Bob
6139,Bob
6140,Bob
6141,Bob
6142,Jorg
6143,Bob
6144,Bob
6145,Jorg
6146,Bob
6147,Bob
6148,Jorg
6149,Jorg
6150,Jorg
6151,Bob
6152,Bob
6153,Bob
6154,Bob
6155,Bob
6156,Bob
6157,Jorg
6158,Bob
6159,Jorg
6160,Bob
6161,Jorg
6162,Bob
6163,Jorg
6164,Jorg
6165,Bob
6166,Bob
6167,Bob
6168,Bob
6169,Atsuto
6170,Jorg
6171,Jorg
6172,Jorg
6173,Jorg
6174,Bob
6175,Jorg
6176,Jorg
6177,Bob
6178,Jorg
6179,Bob
6180,Jorg
6181,Bob
6182,Bob
6183,Bob
6184,Bob
6185,Jorg
6186,Bob
6187,Jorg
6188,Jorg
6189,Bob
6190,Jorg
6191,Bob
6192,Bob
6193,Jorg
6194,Bob
6195,Jorg
6196,Bob
6197,Bob
6198,Bob
6199,Jorg
6200,Bob
6201,Jorg
6202,Jorg
6203,Atsuto
6204,Jorg
6205,Jorg
6206,Bob
6207,Jorg
6208,Jorg
6209,Bob
6210,Jorg
6211,Bob
6212,Bob
6213,Jorg
6214,Bob
6215,Bob
6216,Jorg
6217,Bob
6218,Jorg
6219,Jorg
6220,Bob
6221,Bob
6222,Jorg
6223,Jorg
6224,Bob
6225,Bob
6226,Jorg
6227,Bob
6228,Bob
6229,Bob
6230,Bob
6231,Bob
6232,Bob
6233,Jorg
6234,Bob
6235,Bob
6236,Bob
6237,Jorg
6238,Bob
6239,Bob
6240,Bob
6241,Bob
6242,Bob
6243,Bob
6244,Bob
6245,Bob
6246,Jorg
6247,Bob
6248,Bob
6249,Jorg
6250,Bob
6251,Bob
6252,Jorg
6253,Bob
6254,Bob
6255,Bob
6256,Jorg
6257,Jorg
6258,Bob
6259,Bob
6260,Jorg
6261,Bob
6262,Bob
6263,Jorg
6264,Jorg
6265,Bob
6266,Jorg
6267,Jorg
6268,Bob
6269,Jorg
6270,Jorg
6271,Bob
6272,Bob
6273,Atsuto
6274,Bob
6275,Bob
6276,Jorg
6277,Jorg
6278,Jorg
6279,Jorg
6280,Bob
6281,Jorg
6282,Jorg
6283,Jorg
6284,Jorg
6285,Bob
6286,Bob
6287,Bob
6288,Bob
6289,Bob
6290,Bob
6291,Bob
6292,Bob
6293,Jorg
6294,Bob
6295,Jorg
6296,Bob
6297,Bob
6298,Jorg
6299,Bob
6300,Jorg
6301,Bob
6302,Bob
6303,Bob
6304,Bob
6305,Bob
6306,Bob
6307,Bob
6308,Bob
6309,Jorg
6310,Bob
6311,Bob
6312,Bob
6313,Bob
6314,Jorg
6315,Bob
6316,Bob
6317,Bob
6318,Bob
6319,Bob
6320,Bob
6321,Bob
6322,Bob
6323,Jorg
6324,Atsuto
6325,Bob
6326,Bob
6327,Bob
6328,Bob
6329,Jorg
6330,Bob
6331,Bob
6332,Bob
6333,Bob
6334,Bob
6335,Bob
6336,Bob
6337,Bob
6338,Bob
6339,Bob
6340,Bob
6341,Jorg
6342,Bob
6343,Jorg
6344,Jorg
6345,Atsuto
6346,Jorg
6347,Bob
6348,Bob
6349,Bob
6350,Jorg
6351,Bob
6352,Bob
6353,Bob
6354,Jorg
6355,Bob
6356,Jorg
6357,Bob
6358,Bob
6359,Bob
6360,Bob
6361,Jorg
6362,Bob
6363,Bob
6364,Bob
6365,Bob
6366,Jorg
6367,Bob
6368,Bob
6369,Bob
6370,Jorg
6371,Bob
6372,Bob
6373,Bob
6374,Bob
6375,Bob
6376,Bob
6377,Bob
6378,Jorg
6379,Jorg
6380,Jorg
6381,Jorg
6382,Jorg
6383,Jorg
6384,Jorg
6385,Bob
6386,Bob
6387,Bob
6388,Jorg
6389,Bob
6390,Bob
6391,Bob
6392,Jorg
6393,Jorg
6394,Bob
6395,Bob
6396,Jorg
6397,Bob
6398,Bob
6399,Bob
6400,Bob
6401,Jorg
6402,Bob
6403,Bob
6404,Jorg
6405,Bob
6406,Jorg
6407,Bob
6408,Bob
6409,Bob
6410,Jorg
6411,Bob
6412,Bob
6413,Bob
6414,Bob
6415,Bob
6416,Jorg
6417,Jorg
6418,Bob
6419,Bob
6420,Bob
6421,Jorg
6422,Bob
6423,Bob
6424,Bob
6425,Bob
6426,Bob
6427,Jorg
6428,Bob
6429,Bob
6430,Bob
6431,Bob
6432,Bob
6433,Jorg
6434,Bob
6435,Bob
6436,Jorg
6437,Jorg
6438,Bob
6439,Bob
6440,Bob
6441,Bob
6442,Bob
6443,Jorg
6444,Bob
6445,Jorg
6446,Bob
6447,Bob
6448,Bob
6449,Bob
6450,Bob
6451,Bob
6452,Bob
6453,Jorg
6454,Bob
6455,Bob
6456,Bob
6457,Jorg
6458,Jorg
6459,Jorg
6460,Jorg
6461,Bob
6462,Bob
6463,Atsuto
6464,Bob
6465,Bob
6466,Bob
6467,Bob
6468,Bob
6469,Bob
6470,Bob
6471,Bob
6472,Bob
6473,Bob
6474,Bob
6475,Bob
6476,Bob
6477,Bob
6478,Bob
6479,Bob
6480,Jorg
6481,Jorg
6482,Bob
6483,Bob
6484,Bob
6485,Bob
6486,Bob
6487,Jorg
6488,Bob
6489,Bob
6490,Bob
6491,Bob
6492,Bob
6493,Bob
6494,Bob
6495,Bob
6496,Bob
6497,Bob
6498,Bob
6499,Bob
6500,Bob
6501,Bob
6502,Bob
6503,Bob
6504,Bob
6505,Jorg
6506,Jorg
6507,Jorg
6508,Bob
6509,Jorg
6510,Jorg
6511,Bob
6512,Bob
6513,Jorg
6514,Bob
6515,Jorg
6516,Bob
6517,Jorg
6518,Bob
6519,Bob
6520,Jorg
6521,Bob
6522,Bob
6523,Bob
6524,Bob
6525,Bob
6526,Bob
6527,Jorg
6528,Bob
6529,Bob
6530,Bob
6531,Bob
6532,Bob
6533,Bob
6534,Bob
6535,Jorg
6536,Bob
6537,Bob
6538,Bob
6539,Bob
6540,Bob
6541,Jorg
6542,Bob
6543,Bob
6544,Bob
6545,Jorg
6546,Bob
6547,Bob
6548,Jorg
6549,Bob
6550,Bob
6551,Bob
6552,Jorg
6553,Bob
6554,Bob
6555,Bob
6556,Jorg
6557,Bob
6558,Bob
6559,Bob
6560,Jorg
6561,Bob
6562,Atsuto
6563,Bob
6564,Bob
6565,Bob
6566,Bob
6567,Jorg
6568,Jorg
6569,Jorg
6570,Bob
6571,Jorg
6572,Jorg
6573,Bob
6574,Jorg
6575,Bob
6576,Jorg
6577,Bob
6578,Bob
6579,Bob
6580,Jorg
6581,Bob
6582,Jorg
6583,Bob
6584,Bob
6585,Jorg
6586,Bob
6587,Bob
6588,Bob
6589,Bob
6590,Bob
6591,Bob
6592,Bob
6593,Bob
6594,Bob
6595,Bob
6596,Bob
6597,Jorg
6598,Bob
6599,Jorg
6600,Jorg
6601,Jorg
6602,Bob
6603,Jorg
6604,Bob
6605,Bob
6606,Bob
6607,Bob
6608,Bob
6609,Bob
6610,Bob
6611,Bob
6612,Bob
6613,Jorg
6614,Bob
6615,Jorg
6616,Bob
6617,Bob
6618,Bob
6619,Bob
6620,Bob
6621,Bob
6622,Jorg
6623,Bob
6624,Bob
6625,Bob
6626,Bob
6627,Bob
6628,Bob
6629,Bob
6630,Bob
6631,Jorg
6632,Bob
6633,Bob
6634,Bob
6635,Bob
6636,Bob
6637,Bob
6638,Bob
6639,Bob
6640,Jorg
6641,Jorg
6642,Bob
6643,Bob
6644,Bob
6645,Bob
6646,Bob
6647,Bob
6648,Bob
6649,Bob
6650,Bob
6651,Bob
6652,Bob
6653,Bob
6654,Bob
6655,Jorg
6656,Bob
6657,Bob
6658,Bob
6659,Bob
6660,Bob
6661,Jorg
6662,Jorg
6663,Bob
6664,Bob
6665,Bob
6666,Jorg
6667,Bob
6668,Bob
6669,Bob
6670,Bob
6671,Bob
6672,Jorg
6673,Bob
6674,Bob
6675,Jorg
6676,Jorg
6677,Bob
6678,Bob
6679,Bob
6680,Bob
6681,Bob
6682,Bob
6683,Bob
6684,Bob
6685,Bob
6686,Bob
6687,Bob
6688,Bob
6689,Jorg
6690,Bob
6691,Bob
6692,Jorg
6693,Bob
6694,Bob
6695,Bob
6696,Bob
6697,Bob
6698,Bob
6699,Bob
6700,Bob
6701,Bob
6702,Bob
6703,Bob
6704,Bob
6705,Bob
6706,Jorg
6707,Bob
6708,Jorg
6709,Bob
6710,Bob
6711,Bob
6712,Bob
6713,Bob
6714,Bob
6715,Bob
6716,Jorg
6717,Bob
6718,Jorg
6719,Bob
6720,Bob
6721,Bob
6722,Bob
6723,Jorg
6724,Bob
6725,Jorg
6726,Jorg
6727,Jorg
6728,Jorg
6729,Bob
6730,Bob
6731,Bob
6732,Bob
6733,Bob
6734,Bob
6735,Bob
6736,Bob
6737,Bob
6738,Bob
6739,Bob
6740,Bob
6741,Bob
6742,Bob
6743,Bob
6744,Bob
6745,Bob
6746,Bob
6747,Bob
6748,Bob
6749,Jorg
6750,Bob
6751,Bob
6752,Bob
6753,Jorg
6754,Bob
6755,Jorg
6756,Bob
6757,Bob
6758,Jorg
6759,Bob
6760,Jorg
6761,Jorg
6762,Bob
6763,Bob
6764,Bob
6765,Bob
6766,Bob
6767,Jorg
6768,Jorg
6769,Bob
6770,Bob
6771,Jorg
6772,Bob
6773,Bob
6774,Bob
6775,Bob
6776,Bob
6777,Bob
6778,Bob
6779,Bob
6780,Bob
6781,Bob
6782,Bob
6783,Bob
6784,Bob
6785,Jorg
6786,Jorg
6787,Jorg
6788,Jorg
6789,Bob
6790,Bob
6791,Bob
6792,Bob
6793,Bob
6794,Bob
6795,Jorg
6796,Jorg
6797,Bob
6798,Jorg
6799,Bob
6800,Jorg
6801,Bob
6802,Jorg
6803,Bob
6804,Bob
6805,Bob
6806,Bob
6807,Bob
6808,Bob
6809,Bob
6810,Bob
6811,Bob
6812,Bob
6813,Bob
6814,Bob
6815,Bob
6816,Bob
6817,Bob
6818,Jorg
6819,Bob
6820,Jorg
6821,Bob
6822,Bob
6823,Bob
6824,Jorg
6825,Bob
6826,Jorg
6827,Bob
6828,Bob
6829,Bob
6830,Bob
6831,Bob
6832,Bob
6833,Jorg
6834,Bob
6835,Bob
6836,Jorg
6837,Bob
6838,Bob
6839,Bob
6840,Jorg
6841,Bob
6842,Bob
6843,Bob
6844,Jorg
6845,Bob
6846,Jorg
6847,Bob
6848,Bob
6849,Jorg
6850,Jorg
6851,Bob
6852,Jorg
6853,Bob
6854,Bob
6855,Bob
6856,Jorg
6857,Bob
6858,Jorg
6859,Jorg
6860,Jorg
6861,Bob
6862,Jorg
6863,Bob
6864,Jorg
6865,Bob
6866,Bob
6867,Jorg
6868,Bob
6869,Jorg
6870,Bob
6871,Bob
6872,Bob
6873,Jorg
6874,Bob
6875,Bob
6876,Jorg
6877,Bob
6878,Bob
6879,Bob
6880,Bob
6881,Bob
6882,Bob
6883,Bob
6884,Bob
6885,Jorg
6886,Bob
6887,Jorg
6888,Bob
6889,Bob
6890,Jorg
6891,Bob
6892,Bob
6893,Bob
6894,Bob
6895,Bob
6896,Bob
6897,Bob
6898,Bob
6899,Jorg
6900,Bob
6901,Bob
6902,Bob
6903,Bob
6904,Bob
6905,Bob
6906,Jorg
6907,Jorg
6908,Bob
6909,Jorg
6910,Bob
6911,Jorg
6912,Bob
6913,Bob
6914,Bob
6915,Bob
6916,Bob
6917,Jorg
6918,Jorg
6919,Bob
6920,Bob
6921,Bob
6922,Bob
6923,Bob
6924,Bob
6925,Bob
6926,Bob
6927,Bob
6928,Bob
6929,Bob
6930,Jorg
6931,Bob
6932,Bob
6933,Bob
6934,Jorg
6935,Jorg
6936,Bob
6937,Jorg
6938,Jorg
6939,Jorg
6940,Jorg
6941,Bob
6942,Bob
6943,Jorg
6944,Bob
6945,Bob
6946,Bob
6947,Bob
6948,Bob
6949,Bob
6950,Bob
6951,Bob
6952,Jorg
6953,Jorg
6954,Jorg
6955,Bob
6956,Bob
6957,Bob
6958,Bob
6959,Bob
6960,Bob
6961,Jorg
6962,Bob
6963,Bob
6964,Bob
6965,Jorg
6966,Bob
6967,Jorg
6968,Jorg
6969,Jorg
6970,Bob
6971,Bob
6972,Bob
6973,Bob
6974,Jorg
6975,Bob
6976,Jorg
6977,Jorg
6978,Jorg
6979,Bob
6980,Bob
6981,Bob
6982,Jorg
6983,Bob
6984,Jorg
6985,Jorg
6986,Bob
6987,Bob
6988,Bob
6989,Bob
6990,Bob
6991,Bob
6992,Jorg
6993,Bob
6994,Bob
6995,Bob
6996,Jorg
6997,Bob
6998,Bob
6999,Jorg
7000,Bob
7001,Bob
7002,Jorg
7003,Bob
7004,Bob
7005,Bob
7006,Jorg
7007,Bob
7008,Jorg
7009,Bob
7010,Bob
7011,Bob
7012,Bob
7013,Bob
7014,Bob
7015,Bob
7016,Jorg
7017,Bob
7018,Bob
7019,Bob
7020,Jorg
7021,Bob
7022,Bob
7023,Jorg
7024,Bob
7025,Jorg
7026,Jorg
7027,Bob
7028,Bob
7029,Jorg
7030,Jorg
7031,Bob
7032,Bob
7033,Bob
7034,Jorg
7035,Bob
7036,Jorg
7037,Bob
7038,Bob
7039,Bob
7040,Bob
7041,Bob
7042,Bob
7043,Bob
7044,Bob
7045,Jorg
7046,Bob
7047,Jorg
7048,Jorg
7049,Bob
7050,Bob
7051,Jorg
7052,Bob
7053,Bob
7054,Bob
7055,Jorg
7056,Bob
7057,Bob
7058,Bob
7059,Bob
7060,Bob
7061,Bob
7062,Bob
7063,Bob
7064,Bob
7065,Bob
7066,Bob
7067,Bob
7068,Bob
7069,Bob
7070,Bob
7071,Jorg
7072,Jorg
7073,Jorg
7074,Jorg
7075,Bob
7076,Bob
7077,Bob
7078,Bob
7079,Bob
7080,Bob
7081,Bob
7082,Jorg
7083,Jorg
7084,Jorg
7085,Bob
7086,Bob
7087,Atsuto
7088,Bob
7089,Bob
7090,Bob
7091,Jorg
7092,Bob
7093,Jorg
7094,Bob
7095,Bob
7096,Jorg
7097,Bob
7098,Bob
7099,Bob
7100,Bob
7101,Bob
7102,Jorg
7103,Bob
7104,Jorg
7105,Bob
7106,Bob
7107,Bob
7108,Bob
7109,Bob
7110,Bob
7111,Bob
7112,Jorg
7113,Bob
7114,Bob
7115,Bob
7116,Bob
7117,Bob
7118,Bob
7119,Bob
7120,Bob
7121,Jorg
7122,Bob
7123,Bob
7124,Bob
7125,Bob
7126,Jorg
7127,Bob
7128,Bob
7129,Jorg
7130,Atsuto
7131,Bob
7132,Jorg
7133,Jorg
7134,Bob
7135,Bob
7136,Bob
7137,Bob
7138,Bob
7139,Bob
7140,Bob
7141,Jorg
7142,Bob
7143,Bob
7144,Bob
7145,Bob
7146,Bob
7147,Bob
7148,Bob
7149,Bob
7150,Bob
7151,Bob
7152,Bob
7153,Bob
7154,Bob
7155,Bob
7156,Bob
7157,Jorg
7158,Bob
7159,Bob
7160,Bob
7161,Bob
7162,Jorg
7163,Bob
7164,Bob
7165,Bob
7166,Bob
7167,Bob
7168,Bob
7169,Bob
7170,Bob
7171,Jorg
7172,Bob
7173,Bob
7174,Bob
7175,Bob
7176,Bob
7177,Jorg
7178,Bob
7179,Bob
7180,Bob
7181,Jorg
7182,Bob
7183,Bob
7184,Jorg
7185,Bob
7186,Jorg
7187,Bob
7188,Bob
7189,Bob
7190,Jorg
7191,Bob
7192,Bob
7193,Bob
7194,Bob
7195,Jorg
7196,Bob
7197,Bob
7198,Bob
7199,Bob
7200,Jorg
7201,Bob
7202,Jorg
7203,Bob
7204,Bob
7205,Jorg
7206,Bob
7207,Jorg
7208,Jorg
7209,Jorg
7210,Bob
7211,Bob
7212,Bob
7213,Bob
7214,Bob
7215,Jorg
7216,Bob
7217,Bob
7218,Jorg
7219,Bob
7220,Bob
7221,Bob
7222,Bob
7223,Bob
7224,Bob
7225,Bob
7226,Bob
7227,Bob
7228,Jorg
7229,Jorg
7230,Bob
7231,Bob
7232,Jorg
7233,Bob
7234,Bob
7235,Jorg
7236,Jorg
7237,Bob
7238,Bob
7239,Bob
7240,Jorg
7241,Bob
7242,Bob
7243,Jorg
7244,Jorg
7245,Jorg
7246,Bob
7247,Jorg
7248,Jorg
7249,Bob
7250,Bob
7251,Bob
7252,Bob
7253,Bob
7254,Bob
7255,Jorg
7256,Jorg
7257,Jorg
7258,Bob
7259,Jorg
7260,Bob
7261,Jorg
7262,Bob
7263,Bob
7264,Bob
7265,Bob
7266,Bob
7267,Bob
7268,Jorg
7269,Jorg
7270,Jorg
7271,Bob
7272,Bob
7273,Bob
7274,Bob
7275,Bob
7276,Bob
7277,Bob
7278,Jorg
7279,Bob
7280,Atsuto
7281,Jorg
7282,Jorg
7283,Bob
7284,Bob
7285,Bob
7286,Bob
7287,Bob
7288,Bob
7289,Bob
7290,Jorg
7291,Jorg
7292,Bob
7293,Bob
7294,Bob
7295,Bob
7296,Jorg
7297,Jorg
7298,Bob
7299,Jorg
7300,Bob
7301,Bob
7302,Bob
7303,Bob
7304,Bob
7305,Bob
7306,Bob
7307,Jorg
7308,Bob
7309,Bob
7310,Bob
7311,Bob
7312,Bob
7313,Bob
7314,Bob
7315,Bob
7316,Bob
7317,Jorg
7318,Bob
7319,Bob
7320,Jorg
7321,Jorg
7322,Bob
7323,Bob
7324,Bob
7325,Jorg
7326,Bob
7327,Jorg
7328,Bob
7329,Bob
7330,Bob
7331,Bob
7332,Bob
7333,Bob
7334,Jorg
7335,Jorg
7336,Bob
7337,Bob
7338,Bob
7339,Bob
7340,Bob
7341,Bob
7342,Bob
7343,Bob
7344,Bob
7345,Bob
7346,Atsuto
7347,Bob
7348,Bob
7349,Jorg
7350,Bob
7351,Atsuto
7352,Bob
7353,Jorg
7354,Bob
7355,Bob
7356,Bob
7357,Bob
7358,Bob
7359,Bob
7360,Bob
7361,Bob
7362,Bob
7363,Bob
7364,Jorg
7365,Bob
7366,Bob
7367,Jorg
7368,Bob
7369,Jorg
7370,Bob
7371,Bob
7372,Bob
7373,Bob
7374,Bob
7375,Jorg
7376,Bob
7377,Bob
7378,Bob
7379,Bob
7380,Jorg
7381,Jorg
7382,Bob
7383,Bob
7384,Bob
7385,Bob
7386,Bob
7387,Jorg
7388,Jorg
7389,Bob
7390,Bob
7391,Jorg
7392,Bob
7393,Bob
7394,Jorg
7395,Bob
7396,Jorg
7397,Bob
7398,Bob
7399,Jorg
7400,Bob
7401,Jorg
7402,Bob
7403,Jorg
7404,Bob
7405,Bob
7406,Bob
7407,Bob
7408,Jorg
7409,Bob
7410,Jorg
7411,Bob
7412,Jorg
7413,Bob
7414,Bob
7415,Jorg
7416,Bob
7417,Jorg
7418,Jorg
7419,Jorg
7420,Bob
7421,Bob
7422,Bob
7423,Bob
7424,Bob
7425,Bob
7426,Jorg
7427,Bob
7428,Bob
7429,Bob
7430,Jorg
7431,Bob
7432,Bob
7433,Bob
7434,Bob
7435,Bob
7436,Bob
7437,Bob
7438,Bob
7439,Bob
7440,Bob
7441,Bob
7442,Bob
7443,Jorg
7444,Bob
7445,Bob
7446,Bob
7447,Bob
7448,Jorg
7449,Bob
7450,Bob
7451,Jorg
7452,Bob
7453,Bob
7454,Bob
7455,Bob
7456,Bob
7457,Bob
7458,Bob
7459,Bob
7460,Bob
7461,Jorg
7462,Bob
7463,Bob
7464,Jorg
7465,Bob
7466,Bob
7467,Bob
7468,Bob
7469,Bob
7470,Jorg
7471,Bob
7472,Bob
7473,Bob
7474,Bob
7475,Bob
7476,Bob
7477,Jorg
7478,Bob
7479,Bob
7480,Bob
7481,Bob
7482,Bob
7483,Bob
7484,Bob
7485,Bob
7486,Bob
7487,Bob
7488,Bob
7489,Jorg
7490,Jorg
7491,Bob
7492,Bob
7493,Bob
7494,Jorg
7495,Bob
7496,Bob
7497,Bob
7498,Bob
7499,Bob
7500,Bob
7501,Bob
7502,Bob
7503,Bob
7504,Bob
7505,Jorg
7506,Bob
7507,Jorg
7508,Bob
7509,Jorg
7510,Bob
7511,Jorg
7512,Jorg
7513,Bob
7514,Bob
7515,Bob
7516,Bob
7517,Bob
7518,Bob
7519,Jorg
7520,Jorg
7521,Bob
7522,Bob
7523,Bob
7524,Bob
7525,Bob
7526,Bob
7527,Bob
7528,Bob
7529,Atsuto
7530,Bob
7531,Bob
7532,Bob
7533,Bob
7534,Bob
7535,Jorg
7536,Bob
7537,Bob
7538,Bob
7539,Bob
7540,Bob
7541,Bob
7542,Bob
7543,Jorg
7544,Bob
7545,Bob
7546,Bob
7547,Bob
7548,Jorg
7549,Bob
7550,Bob
7551,Bob
7552,Bob
7553,Jorg
7554,Bob
7555,Bob
7556,Bob
7557,Jorg
7558,Bob
7559,Bob
7560,Bob
7561,Jorg
7562,Bob
7563,Bob
7564,Bob
7565,Bob
7566,Bob
7567,Jorg
7568,Bob
7569,Bob
7570,Bob
7571,Bob
7572,Bob
7573,Bob
7574,Jorg
7575,Bob
7576,Bob
7577,Bob
7578,Bob
7579,Jorg
7580,Bob
7581,Bob
7582,Bob
7583,Bob
7584,Bob
7585,Bob
7586,Bob
7587,Bob
7588,Bob
7589,Bob
7590,Jorg
7591,Jorg
7592,Bob
7593,Bob
7594,Jorg
7595,Bob
7596,Atsuto
7597,Jorg
7598,Jorg
7599,Bob
7600,Bob
7601,Bob
7602,Bob
7603,Bob
7604,Jorg
7605,Bob
7606,Bob
7607,Bob
7608,Jorg
7609,Bob
7610,Bob
7611,Jorg
7612,Bob
7613,Bob
7614,Jorg
7615,Bob
7616,Bob
7617,Bob
7618,Bob
7619,Jorg
7620,Bob
7621,Bob
7622,Jorg
7623,Jorg
7624,Jorg
7625,Jorg
7626,Jorg
7627,Bob
7628,Bob
7629,Jorg
7630,Jorg
7631,Bob
7632,Bob
7633,Bob
7634,Jorg
7635,Jorg
7636,Jorg
7637,Bob
7638,Jorg
7639,Bob
7640,Bob
7641,Jorg
7642,Bob
7643,Bob
7644,Bob
7645,Bob
7646,Bob
7647,Jorg
7648,Bob
7649,Bob
7650,Jorg
7651,Jorg
7652,Bob
7653,Bob
7654,Jorg
7655,Jorg
7656,Bob
7657,Jorg
7658,Jorg
7659,Jorg
7660,Bob
7661,Bob
7662,Jorg
7663,Bob
7664,Bob
7665,Jorg
7666,Bob
7667,Atsuto
7668,Bob
7669,Bob
7670,Bob
7671,Jorg
7672,Jorg
7673,Bob
7674,Bob
7675,Jorg
7676,Bob
7677,Bob
7678,Bob
7679,Bob
7680,Bob
7681,Bob
7682,Bob
7683,Bob
7684,Jorg
7685,Bob
7686,Bob
7687,Bob
7688,Bob
7689,Bob
7690,Jorg
7691,Jorg
7692,Bob
7693,Jorg
7694,Bob
7695,Jorg
7696,Bob
7697,Bob
7698,Bob
7699,Bob
7700,Bob
7701,Bob
7702,Bob
7703,Bob
7704,Jorg
7705,Bob
7706,Bob
7707,Bob
7708,Bob
7709,Jorg
7710,Bob
7711,Bob
7712,Bob
7713,Bob
7714,Bob
7715,Bob
7716,Jorg
7717,Bob
7718,Bob
7719,Jorg
7720,Bob
7721,Bob
7722,Bob
7723,Jorg
7724,Bob
7725,Jorg
7726,Jorg
7727,Bob
7728,Jorg
7729,Jorg
7730,Bob
7731,Bob
7732,Bob
7733,Bob
7734,Bob
7735,Bob
7736,Jorg
7737,Bob
7738,Jorg
7739,Bob
7740,Bob
7741,Bob
7742,Jorg
7743,Bob
7744,Jorg
7745,Bob
7746,Jorg
7747,Bob
7748,Bob
7749,Bob
7750,Bob
7751,Bob
7752,Jorg
7753,Bob
7754,Jorg
7755,Jorg
7756,Bob
7757,Bob
7758,Bob
7759,Jorg
7760,Bob
7761,Bob
7762,Jorg
7763,Jorg
7764,Jorg
7765,Bob
7766,Bob
7767,Bob
7768,Bob
7769,Bob
7770,Bob
7771,Bob
7772,Bob
7773,Bob
7774,Jorg
7775,Bob
7776,Bob
7777,Bob
7778,Bob
7779,Bob
7780,Jorg
7781,Bob
7782,Bob
7783,Jorg
7784,Bob
7785,Bob
7786,Bob
7787,Bob
7788,Jorg
7789,Bob
7790,Bob
7791,Bob
7792,Bob
7793,Bob
7794,Bob
7795,Bob
7796,Bob
7797,Bob
7798,Bob
7799,Bob
7800,Bob
7801,Bob
7802,Bob
7803,Bob
7804,Bob
7805,Atsuto
7806,Bob
7807,Bob
7808,Bob
7809,Bob
7810,Bob
7811,Jorg
7812,Bob
7813,Bob
7814,Bob
7815,Bob
7816,Bob
7817,Jorg
7818,Bob
7819,Bob
7820,Jorg
7821,Jorg
7822,Jorg
7823,Bob
7824,Bob
7825,Bob
7826,Bob
7827,Bob
7828,Bob
7829,Bob
7830,Jorg
7831,Bob
7832,Bob
7833,Bob
7834,Bob
7835,Jorg
7836,Bob
7837,Bob
7838,Bob
7839,Bob
7840,Bob
7841,Bob
7842,Bob
7843,Bob
7844,Bob
7845,Jorg
7846,Jorg
7847,Jorg
7848,Jorg
7849,Jorg
7850,Bob
7851,Bob
7852,Bob
7853,Bob
7854,Bob
7855,Bob
7856,Jorg
7857,Bob
7858,Bob
7859,Bob
7860,Bob
7861,Jorg
7862,Bob
7863,Jorg
7864,Bob
7865,Bob
7866,Bob
7867,Bob
7868,Bob
7869,Bob
7870,Jorg
7871,Jorg
7872,Bob
7873,Bob
7874,Bob
7875,Bob
7876,Bob
7877,Bob
7878,Jorg
7879,Jorg
7880,Bob
7881,Jorg
7882,Jorg
7883,Bob
7884,Bob
7885,Bob
7886,Bob
7887,Bob
7888,Bob
7889,Bob
7890,Bob
7891,Bob
7892,Jorg
7893,Bob
7894,Bob
7895,Bob
7896,Bob
7897,Jorg
7898,Bob
7899,Jorg
7900,Bob
7901,Bob
7902,Bob
7903,Bob
7904,Bob
7905,Bob
7906,Bob
7907,Bob
7908,Bob
7909,Bob
7910,Bob
7911,Bob
7912,Bob
7913,Jorg
7914,Bob
7915,Jorg
7916,Jorg
7917,Bob
7918,Bob
7919,Bob
7920,Bob
7921,Atsuto
7922,Bob
7923,Bob
7924,Bob
7925,Bob
7926,Bob
7927,Jorg
7928,Jorg
7929,Jorg
7930,Bob
7931,Bob
7932,Jorg
7933,Bob
7934,Jorg
7935,Jorg
7936,Bob
7937,Bob
7938,Bob
7939,Jorg
7940,Jorg
7941,Bob
7942,Bob
7943,Bob
7944,Jorg
7945,Bob
7946,Bob
7947,Bob
7948,Jorg
7949,Jorg
7950,Bob
7951,Bob
7952,Jorg
7953,Bob
7954,Bob
7955,Bob
7956,Bob
7957,Jorg
7958,Jorg
7959,Bob
7960,Bob
7961,Bob
7962,Bob
7963,Bob
7964,Bob
7965,Jorg
7966,Bob
7967,Bob
7968,Bob
7969,Bob
7970,Bob
7971,Jorg
7972,Bob
7973,Jorg
7974,Bob
7975,Bob
7976,Bob
7977,Jorg
7978,Jorg
7979,Bob
7980,Jorg
7981,Bob
7982,Bob
7983,Bob
7984,Bob
7985,Bob
7986,Bob
7987,Jorg
7988,Jorg
7989,Bob
7990,Jorg
7991,Bob
7992,Bob
7993,Bob
7994,Bob
7995,Bob
7996,Bob
7997,Bob
7998,Bob
7999,Bob
8000,Bob
8001,Bob
8002,Jorg
8003,Jorg
8004,Bob
8005,Jorg
8006,Jorg
8007,Bob
8008,Bob
8009,Jorg
8010,Jorg
8011,Jorg
8012,Jorg
8013,Jorg
8014,Bob
8015,Jorg
8016,Jorg
8017,Bob
8018,Bob
8019,Bob
8020,Bob
8021,Bob
8022,Jorg
8023,Jorg
8024,Jorg
8025,Bob
8026,Jorg
8027,Jorg
8028,Jorg
8029,Bob
8030,Jorg
8031,Jorg
8032,Bob
8033,Bob
8034,Bob
8035,Bob
8036,Bob
8037,Bob
8038,Bob
8039,Bob
8040,Jorg
8041,Bob
8042,Bob
8043,Bob
8044,Bob
8045,Bob
8046,Jorg
8047,Bob
8048,Bob
8049,Jorg
8050,Jorg
8051,Bob
8052,Bob
8053,Jorg
8054,Bob
8055,Bob
8056,Bob
8057,Jorg
8058,Bob
8059,Jorg
8060,Bob
8061,Bob
8062,Jorg
8063,Bob
8064,Bob
8065,Bob
8066,Jorg
8067,Jorg
8068,Bob
8069,Bob
8070,Bob
8071,Bob
8072,Jorg
8073,Jorg
8074,Jorg
8075,Bob
8076,Jorg
8077,Bob
8078,Bob
8079,Jorg
8080,Jorg
8081,Bob
8082,Bob
8083,Jorg
8084,Jorg
8085,Bob
8086,Bob
8087,Bob
8088,Jorg
8089,Bob
8090,Bob
8091,Bob
8092,Jorg
8093,Bob
8094,Atsuto
8095,Jorg
8096,Bob
8097,Bob
8098,Bob
8099,Bob
8100,Bob
8101,Bob
8102,Jorg
8103,Bob
8104,Bob
8105,Bob
8106,Bob
8107,Bob
8108,Bob
8109,Bob
8110,Bob
8111,Jorg
8112,Jorg
8113,Jorg
8114,Jorg
8115,Bob
8116,Bob
8117,Bob
8118,Bob
8119,Bob
8120,Bob
8121,Bob
8122,Bob
8123,Bob
8124,Bob
8125,Bob
8126,Bob
8127,Bob
8128,Bob
8129,Jorg
8130,Bob
8131,Jorg
8132,Bob
8133,Bob
8134,Bob
8135,Bob
8136,Bob
8137,Jorg
8138,Bob
8139,Bob
8140,Bob
8141,Jorg
8142,Bob
8143,Jorg
8144,Bob
8145,Bob
8146,Bob
8147,Bob
8148,Bob
8149,Jorg
8150,Bob
8151,Bob
8152,Jorg
8153,Bob
8154,Bob
8155,Bob
8156,Bob
8157,Bob
8158,Bob
8159,Jorg
8160,Bob
8161,Bob
8162,Bob
8163,Bob
8164,Bob
8165,Jorg
8166,Bob
8167,Bob
8168,Bob
8169,Bob
8170,Bob
8171,Jorg
8172,Jorg
8173,Bob
8174,Bob
8175,Bob
8176,Bob
8177,Bob
8178,Bob
8179,Bob
8180,Jorg
8181,Bob
8182,Bob
8183,Bob
8184,Bob
8185,Bob
8186,Jorg
8187,Bob
8188,Bob
8189,Jorg
8190,Bob
8191,Jorg
8192,Bob
8193,Bob
8194,Bob
8195,Bob
8196,Bob
8197,Bob
8198,Bob
8199,Bob
8200,Jorg
8201,Bob
8202,Bob
8203,Jorg
8204,Bob
8205,Jorg
8206,Bob
8207,Bob
8208,Jorg
8209,Bob
8210,Bob
8211,Bob
8212,Bob
8213,Bob
8214,Bob
8215,Jorg
8216,Bob
8217,Bob
8218,Bob
8219,Bob
8220,Bob
8221,Bob
8222,Bob
8223,Bob
8224,Bob
8225,Bob
8226,Jorg
8227,Jorg
8228,Bob
8229,Bob
8230,Jorg
8231,Jorg
8232,Bob
8233,Bob
8234,Jorg
8235,Bob
8236,Bob
8237,Jorg
8238,Bob
8239,Bob
8240,Bob
8241,Bob
8242,Bob
8243,Bob
8244,Bob
8245,Bob
8246,Jorg
8247,Bob
8248,Bob
8249,Bob
8250,Bob
8251,Bob
8252,Bob
8253,Bob
8254,Bob
8255,Bob
8256,Jorg
8257,Bob
8258,Bob
8259,Bob
8260,Bob
8261,Bob
8262,Bob
8263,Bob
8264,Jorg
8265,Bob
8266,Jorg
8267,Jorg
8268,Jorg
8269,Bob
8270,Jorg
8271,Bob
8272,Bob
8273,Bob
8274,Bob
8275,Bob
8276,Bob
8277,Bob
8278,Bob
8279,Jorg
8280,Bob
8281,Bob
8282,Atsuto
8283,Bob
8284,Bob
8285,Jorg
8286,Bob
8287,Jorg
8288,Jorg
8289,Jorg
8290,Bob
8291,Jorg
8292,Bob
8293,Bob
8294,Bob
8295,Bob
8296,Jorg
8297,Bob
8298,Bob
8299,Bob
8300,Bob
8301,Jorg
8302,Bob
8303,Jorg
8304,Bob
8305,Jorg
8306,Bob
8307,Bob
8308,Bob
8309,Bob
8310,Bob
8311,Bob
8312,Jorg
8313,Bob
8314,Bob
8315,Jorg
8316,Bob
8317,Bob
8318,Bob
8319,Bob
8320,Jorg
8321,Bob
8322,Bob
8323,Jorg
8324,Bob
8325,Bob
8326,Bob
8327,Bob
8328,Bob
8329,Bob
8330,Bob
8331,Bob
8332,Bob
8333,Bob
8334,Jorg
8335,Jorg
8336,Bob
8337,Bob
8338,Bob
8339,Jorg
8340,Bob
8341,Jorg
8342,Bob
8343,Bob
8344,Bob
8345,Jorg
8346,Bob
8347,Jorg
8348,Bob
8349,Jorg
8350,Bob
8351,Bob
8352,Bob
8353,Jorg
8354,Bob
8355,Jorg
8356,Bob
8357,Bob
8358,Bob
8359,Bob
8360,Bob
8361,Bob
8362,Bob
8363,Bob
8364,Bob
8365,Bob
8366,Jorg
8367,Bob
8368,Bob
8369,Bob
8370,Atsuto
8371,Jorg
8372,Bob
8373,Bob
8374,Bob
8375,Bob
8376,Jorg
8377,Jorg
8378,Bob
8379,Bob
8380,Jorg
8381,Jorg
8382,Bob
8383,Bob
8384,Bob
8385,Jorg
8386,Jorg
8387,Bob
8388,Jorg
8389,Jorg
8390,Jorg
8391,Bob
8392,Jorg
8393,Bob
8394,Bob
8395,Bob
8396,Bob
8397,Bob
8398,Bob
8399,Bob
8400,Bob
8401,Jorg
8402,Bob
8403,Jorg
8404,Bob
8405,Bob
8406,Jorg
8407,Bob
8408,Jorg
8409,Jorg
8410,Bob
8411,Bob
8412,Bob
8413,Bob
8414,Bob
8415,Jorg
8416,Bob
8417,Jorg
8418,Bob
8419,Jorg
8420,Bob
8421,Bob
8422,Bob
8423,Bob
8424,Jorg
8425,Bob
8426,Jorg
8427,Bob
8428,Bob
8429,Jorg
8430,Bob
8431,Jorg
8432,Bob
8433,Bob
8434,Bob
8435,Bob
8436,Bob
8437,Bob
8438,Bob
8439,Jorg
8440,Bob
8441,Bob
8442,Bob
8443,Bob
8444,Bob
8445,Bob
8446,Bob
8447,Jorg
8448,Bob
8449,Bob
8450,Bob
8451,Bob
8452,Bob
8453,Bob
8454,Bob
8455,Bob
8456,Bob
8457,Jorg
8458,Bob
8459,Bob
8460,Bob
8461,Bob
8462,Bob
8463,Jorg
8464,Bob
8465,Jorg
8466,Bob
8467,Bob
8468,Jorg
8469,Jorg
8470,Bob
8471,Bob
8472,Jorg
8473,Bob
8474,Bob
8475,Bob
8476,Bob
8477,Jorg
8478,Bob
8479,Bob
8480,Bob
8481,Jorg
8482,Bob
8483,Jorg
8484,Bob
8485,Bob
8486,Bob
8487,Bob
8488,Bob
8489,Bob
8490,Jorg
8491,Bob
8492,Bob
8493,Bob
8494,Bob
8495,Bob
8496,Bob
8497,Bob
8498,Jorg
8499,Jorg
8500,Jorg
8501,Bob
8502,Jorg
8503,Bob
8504,Jorg
8505,Bob
8506,Bob
8507,Bob
8508,Jorg
8509,Bob
8510,Bob
8511,Bob
8512,Jorg
8513,Bob
8514,Bob
8515,Jorg
8516,Bob
8517,Bob
8518,Bob
8519,Bob
8520,Jorg
8521,Bob
8522,Bob
8523,Bob
8524,Bob
8525,Bob
8526,Bob
8527,Jorg
8528,Bob
8529,Bob
8530,Jorg
8531,Bob
8532,Bob
8533,Jorg
8534,Bob
8535,Bob
8536,Bob
8537,Jorg
8538,Jorg
8539,Jorg
8540,Bob
8541,Bob
8542,Bob
8543,Atsuto
8544,Bob
8545,Jorg
8546,Jorg
8547,Bob
8548,Bob
8549,Bob
8550,Bob
8551,Bob
8552,Bob
8553,Bob
8554,Jorg
8555,Bob
8556,Jorg
8557,Bob
8558,Jorg
8559,Bob
8560,Bob
8561,Bob
8562,Bob
8563,Jorg
8564,Jorg
8565,Jorg
8566,Bob
8567,Bob
8568,Bob
8569,Bob
8570,Bob
8571,Jorg
8572,Bob
8573,Bob
8574,Bob
8575,Bob
8576,Bob
8577,Bob
8578,Bob
8579,Bob
8580,Bob
8581,Jorg
8582,Bob
8583,Bob
8584,Bob
8585,Bob
8586,Bob
8587,Jorg
8588,Jorg
8589,Bob
8590,Bob
8591,Bob
8592,Bob
8593,Jorg
8594,Bob
8595,Bob
8596,Bob
8597,Bob
8598,Bob
8599,Bob
8600,Bob
8601,Bob
8602,Bob
8603,Jorg
8604,Bob
8605,Bob
8606,Bob
8607,Bob
8608,Atsuto
8609,Bob
8610,Bob
8611,Bob
8612,Bob
8613,Bob
8614,Bob
8615,Jorg
8616,Bob
8617,Bob
8618,Bob
8619,Bob
8620,Jorg
8621,Jorg
8622,Bob
8623,Jorg
8624,Bob
8625,Bob
8626,Bob
8627,Bob
8628,Bob
8629,Jorg
8630,Bob
8631,Jorg
8632,Bob
8633,Bob
8634,Bob
8635,Bob
8636,Jorg
8637,Bob
8638,Jorg
8639,Bob
8640,Jorg
8641,Bob
8642,Bob
8643,Bob
8644,Bob
8645,Bob
8646,Bob
8647,Bob
8648,Jorg
8649,Jorg
8650,Bob
8651,Bob
8652,Jorg
8653,Bob
8654,Bob
8655,Jorg
8656,Jorg
8657,Bob
8658,Jorg
8659,Bob
8660,Jorg
8661,Jorg
8662,Bob
8663,Jorg
8664,Bob
8665,Jorg
8666,Bob
8667,Bob
8668,Jorg
8669,Bob
8670,Bob
8671,Bob
8672,Bob
8673,Jorg
8674,Bob
8675,Jorg
8676,Jorg
8677,Bob
8678,Bob
8679,Bob
8680,Jorg
8681,Bob
8682,Bob
8683,Bob
8684,Bob
8685,Jorg
8686,Jorg
8687,Bob
8688,Bob
8689,Bob
8690,Jorg
8691,Bob
8692,Bob
8693,Bob
8694,Jorg
8695,Bob
8696,Bob
8697,Jorg
8698,Bob
8699,Jorg
8700,Bob
8701,Jorg
8702,Bob
8703,Jorg
8704,Bob
8705,Bob
8706,Bob
8707,Bob
8708,Bob
8709,Bob
8710,Bob
8711,Bob
8712,Bob
8713,Bob
8714,Bob
8715,Jorg
8716,Jorg
8717,Jorg
8718,Jorg
8719,Bob
8720,Bob
8721,Jorg
8722,Jorg
8723,Bob
8724,Bob
8725,Bob
8726,Bob
8727,Bob
8728,Bob
8729,Bob
8730,Bob
8731,Bob
8732,Bob
8733,Bob
8734,Bob
8735,Jorg
8736,Bob
8737,Jorg
8738,Bob
8739,Bob
8740,Bob
8741,Bob
8742,Bob
8743,Bob
8744,Bob
8745,Bob
8746,Jorg
8747,Bob
8748,Bob
8749,Bob
8750,Bob
8751,Bob
8752,Bob
8753,Bob
8754,Bob
8755,Bob
8756,Jorg
8757,Jorg
8758,Bob
8759,Bob
8760,Jorg
8761,Bob
8762,Bob
8763,Bob
8764,Bob
8765,Bob
8766,Jorg
8767,Bob
8768,Bob
8769,Bob
8770,Jorg
8771,Jorg
8772,Bob
8773,Bob
8774,Bob
8775,Bob
8776,Bob
8777,Bob
8778,Jorg
8779,Bob
8780,Bob
8781,Jorg
8782,Jorg
8783,Bob
8784,Bob
8785,Bob
8786,Bob
8787,Bob
8788,Bob
8789,Bob
8790,Bob
8791,Bob
8792,Bob
8793,Bob
8794,Bob
8795,Jorg
8796,Bob
8797,Bob
8798,Bob
8799,Bob
8800,Bob
8801,Bob
8802,Bob
8803,Bob
8804,Bob
8805,Jorg
8806,Bob
8807,Jorg
8808,Bob
8809,Bob
8810,Bob
8811,Bob
8812,Bob
8813,Bob
8814,Bob
8815,Bob
8816,Bob
8817,Atsuto
8818,Jorg
8819,Bob
8820,Bob
8821,Bob
8822,Jorg
8823,Bob
8824,Bob
8825,Bob
8826,Bob
8827,Bob
8828,Jorg
8829,Jorg
8830,Bob
8831,Bob
8832,Jorg
8833,Bob
8834,Bob
8835,Bob
8836,Bob
8837,Jorg
8838,Bob
8839,Bob
8840,Bob
8841,Bob
8842,Jorg
8843,Bob
8844,Bob
8845,Bob
8846,Jorg
8847,Bob
8848,Bob
8849,Bob
8850,Bob
8851,Bob
8852,Bob
8853,Bob
8854,Jorg
8855,Bob
8856,Bob
8857,Bob
8858,Bob
8859,Bob
8860,Jorg
8861,Bob
8862,Bob
8863,Jorg
8864,Bob
8865,Bob
8866,Bob
8867,Jorg
8868,Bob
8869,Bob
8870,Jorg
8871,Jorg
8872,Bob
8873,Jorg
8874,Jorg
8875,Jorg
8876,Jorg
8877,Bob
8878,Jorg
8879,Bob
8880,Bob
8881,Bob
8882,Jorg
8883,Bob
8884,Bob
8885,Jorg
8886,Jorg
8887,Bob
8888,Bob
8889,Bob
8890,Bob
8891,Bob
8892,Bob
8893,Jorg
8894,Jorg
8895,Bob
8896,Bob
8897,Bob
8898,Bob
8899,Jorg
8900,Bob
8901,Bob
8902,Bob
8903,Bob
8904,Bob
8905,Bob
8906,Jorg
8907,Jorg
8908,Bob
8909,Bob
8910,Bob
8911,Jorg
8912,Jorg
8913,Bob
8914,Jorg
8915,Bob
8916,Jorg
8917,Bob
8918,Bob
8919,Bob
8920,Bob
8921,Bob
8922,Bob
8923,Jorg
8924,Bob
8925,Bob
8926,Bob
8927,Bob
8928,Bob
8929,Jorg
8930,Bob
8931,Jorg
8932,Bob
8933,Jorg
8934,Bob
8935,Bob
8936,Bob
8937,Bob
8938,Bob
8939,Bob
8940,Jorg
8941,Bob
8942,Jorg
8943,Bob
8944,Jorg
8945,Bob
8946,Bob
8947,Jorg
8948,Bob
8949,Bob
8950,Bob
8951,Bob
8952,Bob
8953,Bob
8954,Jorg
8955,Bob
8956,Bob
8957,Bob
8958,Bob
8959,Bob
8960,Bob
8961,Bob
8962,Bob
8963,Jorg
8964,Bob
8965,Bob
8966,Bob
8967,Bob
8968,Bob
8969,Bob
8970,Bob
8971,Bob
8972,Jorg
8973,Bob
8974,Bob
8975,Jorg
8976,Bob
8977,Bob
8978,Jorg
8979,Bob
8980,Bob
8981,Bob
8982,Bob
8983,Jorg
8984,Bob
8985,Bob
8986,Jorg
8987,Jorg
8988,Jorg
8989,Bob
8990,Bob
8991,Bob
8992,Bob
8993,Bob
8994,Jorg
8995,Jorg
8996,Bob
8997,Bob
8998,Bob
8999,Jorg
9000,Jorg
9001,Jorg
9002,Bob
9003,Bob
9004,Jorg
9005,Bob
9006,Bob
9007,Bob
9008,Jorg
9009,Bob
9010,Bob
9011,Jorg
9012,Jorg
9013,Bob
9014,Bob
9015,Bob
9016,Bob
9017,Bob
9018,Bob
9019,Bob
9020,Jorg
9021,Bob
9022,Bob
9023,Bob
9024,Bob
9025,Bob
9026,Jorg
9027,Bob
9028,Bob
9029,Jorg
9030,Jorg
9031,Bob
9032,Bob
9033,Bob
9034,Bob
9035,Bob
9036,Bob
9037,Jorg
9038,Bob
9039,Bob
9040,Jorg
9041,Bob
9042,Bob
9043,Bob
9044,Jorg
9045,Jorg
9046,Bob
9047,Bob
9048,Bob
9049,Bob
9050,Bob
9051,Bob
9052,Jorg
9053,Bob
9054,Bob
9055,Atsuto
9056,Jorg
9057,Bob
9058,Bob
9059,Bob
9060,Jorg
9061,Bob
9062,Bob
9063,Bob
9064,Bob
9065,Bob
9066,Bob
9067,Bob
9068,Bob
9069,Bob
9070,Jorg
9071,Bob
9072,Bob
9073,Bob
9074,Bob
9075,Jorg
9076,Jorg
9077,Bob
9078,Bob
9079,Bob
9080,Bob
9081,Jorg
9082,Bob
9083,Jorg
9084,Bob
9085,Bob
9086,Bob
9087,Bob
9088,Bob
9089,Bob
9090,Jorg
9091,Bob
9092,Jorg
9093,Bob
9094,Bob
9095,Bob
9096,Atsuto
9097,Bob
9098,Bob
9099,Jorg
9100,Jorg
9101,Bob
9102,Bob
9103,Bob
9104,Bob
9105,Jorg
9106,Bob
9107,Bob
9108,Bob
9109,Jorg
9110,Bob
9111,Bob
9112,Bob
9113,Bob
9114,Bob
9115,Bob
9116,Bob
9117,Bob
9118,Bob
9119,Bob
9120,Bob
9121,Bob
9122,Bob
9123,Bob
9124,Bob
9125,Jorg
9126,Bob
9127,Bob
9128,Jorg
9129,Bob
9130,Bob
9131,Jorg
9132,Bob
9133,Bob
9134,Bob
9135,Jorg
9136,Jorg
9137,Jorg
9138,Bob
9139,Jorg
9140,Jorg
9141,Jorg
9142,Jorg
9143,Bob
9144,Jorg
9145,Bob
9146,Jorg
9147,Jorg
9148,Bob
9149,Jorg
9150,Bob
9151,Jorg
9152,Bob
9153,Bob
9154,Bob
9155,Jorg
9156,Bob
9157,Bob
9158,Bob
9159,Jorg
9160,Bob
9161,Jorg
9162,Bob
9163,Bob
9164,Bob
9165,Jorg
9166,Bob
9167,Bob
9168,Jorg
9169,Bob
9170,Jorg
9171,Bob
9172,Bob
9173,Bob
9174,Bob
9175,Jorg
9176,Bob
9177,Bob
9178,Bob
9179,Bob
9180,Bob
9181,Bob
9182,Bob
9183,Bob
9184,Jorg
9185,Jorg
9186,Bob
9187,Bob
9188,Bob
9189,Bob
9190,Bob
9191,Jorg
9192,Jorg
9193,Bob
9194,Bob
9195,Bob
9196,Bob
9197,Jorg
9198,Jorg
9199,Jorg
9200,Bob
9201,Bob
9202,Bob
9203,Bob
9204,Jorg
9205,Jorg
9206,Bob
9207,Jorg
9208,Jorg
9209,Bob
9210,Jorg
9211,Jorg
9212,Jorg
9213,Bob
9214,Bob
9215,Bob
9216,Jorg
9217,Bob
9218,Jorg
9219,Bob
9220,Bob
9221,Jorg
9222,Jorg
9223,Bob
9224,Jorg
9225,Bob
9226,Jorg
9227,Bob
9228,Bob
9229,Bob
9230,Bob
9231,Bob
9232,Bob
9233,Bob
9234,Bob
9235,Bob
9236,Bob
9237,Bob
9238,Bob
9239,Jorg
9240,Jorg
9241,Bob
9242,Bob
9243,Jorg
9244,Jorg
9245,Jorg
9246,Jorg
9247,Bob
9248,Bob
9249,Jorg
9250,Bob
9251,Bob
9252,Bob
9253,Bob
9254,Bob
9255,Bob
9256,Atsuto
9257,Bob
9258,Jorg
9259,Bob
9260,Bob
9261,Bob
9262,Bob
9263,Jorg
9264,Jorg
9265,Bob
9266,Bob
9267,Bob
9268,Bob
9269,Bob
9270,Bob
9271,Jorg
9272,Bob
9273,Jorg
9274,Bob
9275,Jorg
9276,Bob
9277,Jorg
9278,Bob
9279,Bob
9280,Bob
9281,Bob
9282,Jorg
9283,Jorg
9284,Jorg
9285,Bob
9286,Jorg
9287,Bob
9288,Bob
9289,Bob
9290,Bob
9291,Jorg
9292,Bob
9293,Bob
9294,Bob
9295,Bob
9296,Jorg
9297,Bob
9298,Bob
9299,Bob
9300,Bob
9301,Bob
9302,Bob
9303,Jorg
9304,Bob
9305,Bob
9306,Jorg
9307,Jorg
9308,Bob
9309,Bob
9310,Jorg
9311,Bob
9312,Bob
9313,Atsuto
9314,Bob
9315,Bob
9316,Bob
9317,Bob
9318,Bob
9319,Bob
9320,Bob
9321,Bob
9322,Bob
9323,Jorg
9324,Bob
9325,Bob
9326,Bob
9327,Jorg
9328,Jorg
9329,Bob
9330,Bob
9331,Bob
9332,Bob
9333,Bob
9334,Bob
9335,Bob
9336,Jorg
9337,Bob
9338,Bob
9339,Jorg
9340,Bob
9341,Jorg
9342,Bob
9343,Bob
9344,Bob
9345,Bob
9346,Jorg
9347,Bob
9348,Bob
9349,Bob
9350,Bob
9351,Bob
9352,Bob
9353,Bob
9354,Bob
9355,Jorg
9356,Bob
9357,Bob
9358,Bob
9359,Bob
9360,Jorg
9361,Bob
9362,Bob
9363,Bob
9364,Bob
9365,Jorg
9366,Bob
9367,Jorg
9368,Jorg
9369,Bob
9370,Bob
9371,Jorg
9372,Bob
9373,Jorg
9374,Bob
9375,Bob
9376,Bob
9377,Bob
9378,Jorg
9379,Jorg
9380,Bob
9381,Bob
9382,Jorg
9383,Jorg
9384,Bob
9385,Bob
9386,Jorg
9387,Bob
9388,Jorg
9389,Jorg
9390,Bob
9391,Bob
9392,Bob
9393,Bob
9394,Bob
9395,Jorg
9396,Bob
9397,Jorg
9398,Bob
9399,Bob
9400,Bob
9401,Jorg
9402,Bob
9403,Jorg
9404,Jorg
9405,Bob
9406,Bob
9407,Bob
9408,Bob
9409,Bob
9410,Bob
9411,Bob
9412,Bob
9413,Jorg
9414,Bob
9415,Jorg
9416,Jorg
9417,Bob
9418,Bob
9419,Jorg
9420,Jorg
9421,Bob
9422,Jorg
9423,Jorg
9424,Jorg
9425,Jorg
9426,Jorg
9427,Bob
9428,Bob
9429,Bob
9430,Jorg
9431,Bob
9432,Bob
9433,Bob
9434,Bob
9435,Bob
9436,Bob
9437,Bob
9438,Bob
9439,Bob
9440,Bob
9441,Bob
9442,Jorg
9443,Jorg
9444,Bob
9445,Bob
9446,Bob
9447,Bob
9448,Bob
9449,Jorg
9450,Jorg
9451,Bob
9452,Bob
9453,Bob
9454,Bob
9455,Bob
9456,Bob
9457,Bob
9458,Jorg
9459,Bob
9460,Jorg
9461,Jorg
9462,Bob
9463,Bob
9464,Bob
9465,Bob
9466,Bob
9467,Bob
9468,Bob
9469,Bob
9470,Jorg
9471,Bob
9472,Bob
9473,Bob
9474,Bob
9475,Bob
9476,Bob
9477,Jorg
9478,Jorg
9479,Bob
9480,Bob
9481,Bob
9482,Bob
9483,Jorg
9484,Bob
9485,Bob
9486,Bob
9487,Bob
9488,Bob
9489,Bob
9490,Bob
9491,Jorg
9492,Bob
9493,Bob
9494,Bob
9495,Bob
9496,Bob
9497,Jorg
9498,Bob
9499,Bob
9500,Bob
9501,Bob
9502,Bob
9503,Bob
9504,Jorg
9505,Bob
9506,Bob
9507,Bob
9508,Bob
9509,Bob
9510,Bob
9511,Bob
9512,Bob
9513,Bob
9514,Bob
9515,Jorg
9516,Bob
9517,Bob
9518,Bob
9519,Jorg
9520,Bob
9521,Bob
9522,Bob
9523,Bob
9524,Bob
9525,Bob
9526,Bob
9527,Jorg
9528,Jorg
9529,Bob
9530,Bob
9531,Bob
9532,Bob
9533,Jorg
9534,Bob
9535,Jorg
9536,Bob
9537,Bob
9538,Bob
9539,Bob
9540,Atsuto
9541,Bob
9542,Bob
9543,Jorg
9544,Bob
9545,Jorg
9546,Bob
9547,Bob
9548,Bob
9549,Bob
9550,Bob
9551,Jorg
9552,Bob
9553,Bob
9554,Bob
9555,Bob
9556,Jorg
9557,Bob
9558,Bob
9559,Bob
9560,Jorg
9561,Bob
9562,Bob
9563,Jorg
9564,Bob
9565,Bob
9566,Bob
9567,Bob
9568,Jorg
9569,Bob
9570,Bob
9571,Atsuto
9572,Bob
9573,Bob
9574,Bob
9575,Bob
9576,Bob
9577,Bob
9578,Bob
9579,Bob
9580,Bob
9581,Bob
9582,Bob
9583,Bob
9584,Jorg
9585,Bob
9586,Bob
9587,Bob
9588,Bob
9589,Bob
9590,Bob
9591,Bob
9592,Bob
9593,Bob
9594,Jorg
9595,Jorg
9596,Jorg
9597,Bob
9598,Bob
9599,Bob
9600,Bob
9601,Bob
9602,Bob
9603,Bob
9604,Atsuto
9605,Bob
9606,Bob
9607,Bob
9608,Bob
9609,Bob
9610,Bob
9611,Bob
9612,Jorg
9613,Jorg
9614,Bob
9615,Bob
9616,Bob
9617,Bob
9618,Bob
9619,Jorg
9620,Bob
9621,Jorg
9622,Jorg
9623,Jorg
9624,Bob
9625,Bob
9626,Bob
9627,Bob
9628,Jorg
9629,Jorg
9630,Bob
9631,Bob
9632,Bob
9633,Bob
9634,Jorg
9635,Bob
9636,Bob
9637,Bob
9638,Bob
9639,Jorg
9640,Bob
9641,Bob
9642,Jorg
9643,Bob
9644,Bob
9645,Jorg
9646,Bob
9647,Jorg
9648,Jorg
9649,Bob
9650,Bob
9651,Bob
9652,Bob
9653,Jorg
9654,Bob
9655,Bob
9656,Bob
9657,Bob
9658,Bob
9659,Bob
9660,Bob
9661,Bob
9662,Bob
9663,Bob
9664,Bob
9665,Bob
9666,Bob
9667,Bob
9668,Bob
9669,Bob
9670,Bob
9671,Bob
9672,Bob
9673,Bob
9674,Bob
9675,Jorg
9676,Jorg
9677,Atsuto
9678,Bob
9679,Bob
9680,Jorg
9681,Bob
9682,Bob
9683,Bob
9684,Bob
9685,Bob
9686,Bob
9687,Bob
9688,Jorg
9689,Bob
9690,Jorg
9691,Bob
9692,Bob
9693,Jorg
9694,Atsuto
9695,Jorg
9696,Bob
9697,Bob
9698,Bob
9699,Bob
9700,Bob
9701,Bob
9702,Jorg
9703,Bob
9704,Jorg
9705,Bob
9706,Bob
9707,Bob
9708,Jorg
9709,Bob
9710,Bob
9711,Bob
9712,Bob
9713,Bob
9714,Bob
9715,Bob
9716,Jorg
9717,Atsuto
9718,Bob
9719,Jorg
9720,Bob
9721,Bob
9722,Jorg
9723,Jorg
9724,Bob
9725,Bob
9726,Bob
9727,Bob
9728,Bob
9729,Atsuto
9730,Bob
9731,Bob
9732,Bob
9733,Jorg
9734,Jorg
9735,Bob
9736,Bob
9737,Bob
9738,Bob
9739,Bob
9740,Bob
9741,Bob
9742,Bob
9743,Bob
9744,Jorg
9745,Bob
9746,Bob
9747,Bob
9748,Bob
9749,Bob
9750,Bob
9751,Bob
9752,Bob
9753,Bob
9754,Bob
9755,Jorg
9756,Bob
9757,Jorg
9758,Jorg
9759,Bob
9760,Bob
9761,Bob
9762,Bob
9763,Bob
9764,Bob
9765,Bob
9766,Bob
9767,Bob
9768,Bob
9769,Bob
9770,Jorg
9771,Bob
9772,Bob
9773,Bob
9774,Jorg
9775,Bob
9776,Bob
9777,Bob
9778,Bob
9779,Jorg
9780,Bob
9781,Bob
9782,Bob
9783,Jorg
9784,Bob
9785,Bob
9786,Bob
9787,Bob
9788,Jorg
9789,Jorg
9790,Bob
9791,Bob
9792,Bob
9793,Bob
9794,Bob
9795,Bob
9796,Jorg
9797,Bob
9798,Bob
9799,Bob
9800,Bob
9801,Bob
9802,Bob
9803,Jorg
9804,Bob
9805,Jorg
9806,Bob
9807,Bob
9808,Jorg
9809,Bob
9810,Jorg
9811,Jorg
9812,Atsuto
9813,Jorg
9814,Jorg
9815,Bob
9816,Bob
9817,Bob
9818,Jorg
9819,Bob
9820,Bob
9821,Bob
9822,Bob
9823,Bob
9824,Bob
9825,Bob
9826,Bob
9827,Jorg
9828,Bob
9829,Bob
9830,Bob
9831,Jorg
9832,Jorg
9833,Bob
9834,Bob
9835,Bob
9836,Bob
9837,Bob
9838,Bob
9839,Bob
9840,Bob
9841,Bob
9842,Bob
9843,Bob
9844,Bob
9845,Bob
9846,Bob
9847,Bob
9848,Jorg
9849,Bob
9850,Bob
9851,Atsuto
9852,Jorg
9853,Jorg
9854,Bob
9855,Jorg
9856,Bob
9857,Bob
9858,Bob
9859,Bob
9860,Bob
9861,Bob
9862,Bob
9863,Bob
9864,Bob
9865,Bob
9866,Bob
9867,Bob
9868,Bob
9869,Bob
9870,Bob
9871,Bob
9872,Bob
9873,Bob
9874,Jorg
9875,Bob
9876,Jorg
9877,Bob
9878,Bob
9879,Bob
9880,Bob
9881,Bob
9882,Jorg
9883,Bob
9884,Jorg
9885,Jorg
9886,Bob
9887,Bob
9888,Bob
9889,Bob
9890,Jorg
9891,Bob
9892,Bob
9893,Jorg
9894,Bob
9895,Bob
9896,Bob
9897,Bob
9898,Bob
9899,Bob
9900,Bob
9901,Bob
9902,Jorg
9903,Bob
9904,Bob
9905,Jorg
9906,Bob
9907,Jorg
9908,Bob
9909,Bob
9910,Bob
9911,Bob
9912,Bob
9913,Bob
9914,Bob
9915,Bob
9916,Bob
9917,Bob
9918,Bob
9919,Jorg
9920,Jorg
9921,Bob
9922,Bob
9923,Bob
9924,Jorg
9925,Bob
9926,Bob
9927,Bob
9928,Bob
9929,Bob
9930,Bob
9931,Jorg
9932,Bob
9933,Bob
9934,Bob
9935,Jorg
9936,Bob
9937,Bob
9938,Jorg
9939,Bob
9940,Bob
9941,Bob
9942,Bob
9943,Bob
9944,Bob
9945,Jorg
9946,Bob
9947,Bob
9948,Jorg
9949,Atsuto
9950,Bob
9951,Jorg
9952,Jorg
9953,Bob
9954,Bob
9955,Bob
9956,Jorg
9957,Jorg
9958,Jorg
9959,Bob
9960,Jorg
9961,Bob
9962,Bob
9963,Bob
9964,Jorg
9965,Bob
9966,Bob
9967,Bob
9968,Bob
9969,Bob
9970,Jorg
9971,Jorg
9972,Bob
9973,Bob
9974,Bob
9975,Bob
9976,Bob
9977,Bob
9978,Bob
9979,Jorg
9980,Bob
9981,Bob
9982,Bob
9983,Bob
9984,Bob
9985,Bob
9986,Bob
9987,Bob
9988,Bob
9989,Bob
9990,Jorg
9991,Bob
9992,Jorg
9993,Bob
9994,Bob
9995,Bob
9996,Jorg
9997,Jorg
9998,Bob
9999,Bob
